Timestamp,Gesture,Control,Name,Score,Hand_position_x,Hand_position_y,Hand_position_z,Hand_pitch,Hand_yaw,Hand_roll,Hand_sphere_x,Hand_sphere_y,Hand_sphere_z,Hand_sphere_r,finger0_direction_x,finger0_direction_y,finger0_direction_z,finger0_tip_x,finger0_tip_y,finger0_tip_z,finger1_direction_x,finger1_direction_y,finger1_direction_z,finger1_tip_x,finger1_tip_y,finger1_tip_z,finger2_direction_x,finger2_direction_y,finger2_direction_z,finger2_tip_x,finger2_tip_y,finger2_tip_z,finger3_direction_x,finger3_direction_y,finger3_direction_z,finger3_tip_x,finger3_tip_y,finger3_tip_z,finger4_direction_x,finger4_direction_y,finger4_direction_z,finger4_tip_x,finger4_tip_y,finger4_tip_z
3/3/2014 0:29:10,8L,Yes,0,,-15.9814,192.178,31.4526,0.586030106961721,0.540903334409518,0.047094474506432,-4.93811,217.019,14.3368,65.572,0.151769,0.233679,-0.960396,20.0045,221.997,-57.9496,0.0951497,0.11182,-0.989163,-52.1205,229.297,-48.1991,0.997737,0.0462893,-0.0487577,78.6959,193.873,43.8157,,,,,,,,,,,,
3/3/2014 0:29:13,5L,Yes,0,,-11.7829,164.981,21.9454,0.428707877407255,0.102064866640715,-0.178347229507915,1.23367,205.236,-1.42912,62.0012,0.275045,0.200067,-0.940385,43.4743,195.73,-62.6358,-0.185237,0.485906,-0.854156,-47.3115,203.569,-53.3344,,,,,,,,,,,,,,,,,,
3/3/2014 10:49:33,5R,Yes,1,,-12.2295,196.455,0.0164139,0.171817208092373,-0.151418572935197,-0.018167412924844,-20.0494,188.642,-37.4439,51.8563,-0.180137,-0.266452,-0.946865,-63.697,194.302,-84.3131,0.195291,-0.101655,-0.975463,25.4053,198.427,-74.4157,-0.476329,0.694607,-0.539103,-28.9435,195.801,-44.9407,,,,,,,,,,,,
3/3/2014 10:49:37,2R,Yes,1,,-5.7955,200.964,16.8745,0.133088628557196,-0.245573218096804,-0.040181601116919,-19.6083,184.851,-27.57,54.9991,0.119267,-0.0480706,-0.991698,-2.94872,207.779,-84.961,-0.370799,-0.0151923,-0.928589,-66.2143,207.694,-67.9064,,,,,,,,,,,,,,,,,,
3/3/2014 10:50:40,10R,Yes,1,,-5.39183,196.094,10.0293,0.068997271899119,-0.130801688596702,-0.048148304876227,-7.25112,205.512,-22.2889,52.4289,-0.147478,-0.00842921,-0.989029,-17.7989,186.467,-80.6666,-0.0178564,0.146389,-0.989066,9.67737,213.499,-77.8702,-0.182571,0.039757,-0.982389,-39.826,213.12,-63.6628,,,,,,,,,,,,
3/3/2014 10:50:46,1R,Yes,1,,-8.04393,181.313,12.6996,0.155702336851667,-0.000130620110746,-0.30755722223932,-27.5168,126.654,-44.5714,86.7709,0.07132,0.263136,-0.962119,-2.28757,207.061,-81.1991,-0.139923,0.269338,-0.952827,-43.644,215.627,-71.2186,0.34553,0.182994,-0.920392,34.2616,189.751,-68.6897,0.602412,0.00745279,-0.79815,59.6682,165.118,-35.8315,-0.52773,0.383924,-0.757696,-75.038,202.093,-11.2457
3/3/2014 10:51:25,3R,Yes,1,,2.5439,188.011,14.2883,0.078300219173281,-0.447276064090819,0.090120487520282,-5.95507,137.9,-27.2409,63.7846,0.205012,-0.331619,-0.920869,19.1105,175.415,-88.025,-0.251199,-0.193899,-0.948316,-42.5846,184.751,-81.0367,-0.728639,0.0563321,-0.682577,-68.1119,171.75,-15.3723,,,,,,,,,,,,
3/3/2014 10:51:34,7R,Yes,1,,7.08274,176.6,20.6437,0.193089209390135,-0.36916917374093,2.92569968734513,-2.35717,197.377,-10.7387,53.4202,-0.411697,0.269592,-0.870532,-49.5182,197.706,-62.9987,,,,,,,,,,,,,,,,,,,,,,,,
3/3/2014 10:52:10,4R,Yes,1,,-9.58644,195.815,12.7638,0.010043997130827,-0.497453983539574,0.104335045814219,-19.9174,158.495,-22.7611,62.274,0.0494665,-0.589717,-0.806094,-0.895547,167.794,-86.0842,-0.141324,-0.501594,-0.853482,-48.3573,185.421,-83.0512,-0.689008,-0.148938,-0.709285,-78.0508,174.845,-13.2759,,,,,,,,,,,,
3/3/2014 10:52:36,6R,Yes,1,,56.809,174.417,27.602,0.146399554854932,-1.42574443097147,3.11762745546768,40.7173,172.29,21.0389,79.0838,-0.725006,-0.0533824,-0.686671,-65.5772,169.159,-22.3833,-0.824649,0.0217262,0.565228,-15.9181,171.94,75.5827,,,,,,,,,,,,,,,,,,
3/3/2014 10:54:35,2R,Yes,1,,17.418,195.57,18.7065,0.033719615859504,-0.699828434690099,-0.014220848253852,-7.9639,175.924,-10.0409,56.2986,-0.308583,-0.234384,-0.921868,-27.614,189.121,-74.3648,-0.687798,-0.132692,-0.713671,-75.5421,192.821,-35.6939,,,,,,,,,,,,,,,,,,
3/3/2014 10:54:42,9R,Yes,1,,22.5697,157.276,42.9958,0.337680663545027,-0.357859789168085,-0.116601095732712,19.3014,163.546,18.0281,59.733,0.522396,-0.128057,-0.843032,57.468,171.523,-49.4244,-0.723257,0.51806,-0.456632,-76.2627,188.694,4.74769,,,,,,,,,,,,,,,,,,
3/3/2014 11:10:47,8R,Yes,2,,8.18205,85.6745,45.633,0.711870201676921,-0.481850306554497,0.104936696344999,9.06497,64.1995,23.7223,67.0874,0.171018,-0.00961198,-0.985221,-9.30239,110.808,-30.8519,-0.03554,-0.0571726,-0.997732,52.1755,100.784,-18.7125,-0.768777,0.206495,-0.605262,-76.1292,71.9527,32.6288,,,,,,,,,,,,
3/3/2014 11:10:58,7R,Yes,2,,22.3748,104.793,73.1034,0.225775657484576,-0.057009609215186,0.136176898610188,19.9453,135.405,54.9091,55.3008,-0.0234404,0.483796,-0.874867,5.61914,129.99,-14.1734,,,,,,,,,,,,,,,,,,,,,,,,
3/3/2014 11:11:51,10R,Yes,2,,2.95215,142.784,69.6105,0.644831340497585,-0.315349461263938,-3.13575692552277,-1.77536,174.852,45.5285,52.8721,-0.259431,0.309875,-0.914698,-18.0418,182.217,-20.4168,-0.0462525,0.481115,-0.875437,16.2838,206.588,-3.36412,-0.480848,0.706352,-0.519473,-54.0493,189.219,19.5379,,,,,,,,,,,,
3/3/2014 11:12:42,2R,Yes,2,,19.3745,126.292,64.8701,0.78953253744979,-0.303149716768528,-0.406026855754868,19.9098,152.812,42.5499,56.5927,0.124311,0.330711,-0.935509,22.6437,187.978,-15.044,-0.323895,0.491624,-0.80833,-37.3594,186.613,7.31898,,,,,,,,,,,,,,,,,,
3/3/2014 11:12:53,1R,Yes,2,,7.11845,143.743,42.7699,0.591103972210752,-0.082290753679905,-0.482709214574117,-57.5027,59.1387,-62.8663,155.31,0.0750139,0.360146,-0.929875,37.627,181.408,-53.4223,0.0454573,0.395995,-0.917127,8.05418,204.533,-53.0011,0.456127,0.237536,-0.857628,76.3966,142.578,-29.2542,-0.176352,0.525678,-0.832203,-35.0686,213.774,-27.4084,-0.356036,0.729265,-0.584303,-75.0012,168.908,60.0639
3/3/2014 11:13:26,6R,Yes,2,,53.0551,148.494,28.9668,0.754067284282477,-0.990397214183231,-0.202065102182578,39.2201,161.179,16.1677,61.923,-0.235187,0.35356,-0.905363,6.31704,204.221,-51.6928,-0.998932,-0.0374076,0.0271383,-37.4148,149.844,35.3761,,,,,,,,,,,,,,,,,,
3/3/2014 11:13:34,3R,Yes,2,,36.0222,142.805,54.1234,0.449226504183641,-0.223347935536882,0.141898324295489,11.2219,180.956,28.3913,62.0214,0.145627,0.277489,-0.949628,42.222,210.322,-38.2041,-0.343194,-0.563337,-0.751578,-31.1477,128.306,11.9361,0.020701,0.104936,-0.994263,49.7975,151.377,17.8578,,,,,,,,,,,,
3/3/2014 11:14:18,7R,Yes,2,,32.3196,161.046,82.2568,0.42425249060319,-0.383942354543972,0.092401727943358,23.7442,182.52,53.1325,50.7978,-0.34337,0.453185,-0.82263,-21.3725,196.059,0.615192,,,,,,,,,,,,,,,,,,,,,,,,
3/3/2014 11:14:26,7R,Yes,2,,29.6038,155.276,79.5194,0.412898748048899,-0.405975292902315,0.109999621941409,19.8658,180.384,52.8075,51.5679,-0.33845,0.470049,-0.815172,-24.4174,189.8,-2.21609,,,,,,,,,,,,,,,,,,,,,,,,
3/3/2014 11:14:32,9R,Yes,2,,12.2585,186.097,66.9315,0.591523252607761,-0.039586417201692,0.531382958498885,-17.6754,255.688,64.8638,94.7556,-0.540287,0.604763,-0.585108,-71.401,204.553,0.949273,0.841277,-0.138899,-0.522456,88.6697,243.806,40.6416,,,,,,,,,,,,,,,,,,
3/3/2014 11:15:14,4R,Yes,2,,13.9448,154.714,64.1941,0.672195941873629,-0.392234147805157,0.132598908325976,-3.07255,149.228,27.1505,67.4436,0.060022,-0.401592,-0.91385,24.0726,171.051,-33.6781,-0.252998,0.204168,-0.945678,-30.6114,216.443,-18.8865,-0.0655273,-0.164093,-0.984266,39.1726,156.482,27.5562,-0.755958,0.111141,-0.645117,-74.2669,140.282,39.986,,,,,,
3/3/2014 11:15:23,8R,Yes,2,,20.2261,163.065,78.2388,0.702366860859291,-0.556590070784791,0.032382002699144,12.0983,184.814,58.5499,67.0126,-0.0899369,-0.0732022,-0.993254,56.0272,180.063,-6.88555,-0.0935066,0.602905,-0.792314,-22.166,245.628,0.196498,-0.566884,0.064292,-0.821285,-82.0123,168.024,56.0113,,,,,,,,,,,,
3/3/2014 11:18:51,1L,Yes,2,,-1.00411,238.942,30.0687,0.134260220443559,-0.065305425316715,-0.313731432403297,-20.7848,190.507,-6.35607,77.9968,-0.0332881,-0.310125,-0.950113,1.9656,235.897,-72.9044,0.0382006,0.0473918,-0.998146,26.3412,228.319,-64.5142,-0.250172,-0.170953,-0.952989,-44.1511,251.461,-55.2755,0.266068,-0.0697309,-0.961429,58.3898,212.726,-33.119,-0.544866,0.246042,-0.801613,-84.1488,255.976,43.7001
3/3/2014 11:19:17,4L,Yes,2,,6.22228,247.862,40.5934,0.045863733294395,-0.523566122965847,0.2180179839459,-2.85173,231.295,7.68758,58.5522,-0.16548,-0.37712,-0.911261,-30.5861,260.025,-52.3865,-0.139066,-0.820984,-0.553756,10.698,233.784,-49.0058,-0.464261,-0.340361,-0.817689,-57.6784,212.677,18.1695,,,,,,,,,,,,
3/3/2014 11:25:39,8L,No,3,,-52.0556,167.66,86.7993,0.37174462193887,0.466511645714057,-0.209572094032006,-37.4533,184.347,67.8897,59.6617,0.128056,-0.104844,-0.98621,-70.053,187.612,7.32688,0.172458,0.619953,-0.765452,-7.69032,233.702,11.498,0.967562,0.0898389,-0.236119,28.706,152.855,50.1932,,,,,,,,,,,,
3/3/2014 11:26:08,7L,No,3,,-37.1475,170.147,83.8402,0.200823468006683,0.140268005274584,-3.05872930214798,-35.6902,228.494,65.5558,70.2683,-0.0196925,0.345262,-0.9383,-15.9861,200.088,-6.6405,,,,,,,,,,,,,,,,,,,,,,,,
3/3/2014 11:26:45,5L,No,3,,-35.4964,278.048,72.0526,0.25503346040593,0.188846440910619,-0.195948096579905,-25.1705,289.572,44.4577,49.7192,0.201558,0.0148286,-0.979364,9.57325,300.327,-8.28993,0.125613,-0.0367121,-0.9914,-49.7462,280.863,-1.78214,,,,,,,,,,,,,,,,,,
3/3/2014 11:26:54,10L,No,3,,-41.5547,172.317,79.4004,0.468120102351758,0.092050167678772,3.03478165005674,-38.8482,198.937,54.7215,55.6622,-0.13303,0.341731,-0.930335,-64.0674,205.016,-1.782,0.391693,0.286754,-0.87427,-7.12538,209.149,0.200537,0.00974115,0.648981,-0.760742,-30.0529,234.576,0.717883,,,,,,,,,,,,
3/3/2014 11:27:35,2L,No,3,,-44.3347,228.407,144.854,0.663264597039489,0.200966878849724,0.089867904697549,-42.5671,257.246,119.896,52.5509,-0.178493,0.503058,-0.84562,-54.6554,289.523,66.0364,0.28349,0.69152,-0.664404,-0.361084,292.38,85.2615,,,,,,,,,,,,,,,,,,
3/3/2014 11:27:40,1L,No,3,,-26.5692,230.244,88.8798,0.319454433643137,0.171272718990316,-0.03066049185249,-21.2951,237.176,59.3268,57.5669,0.106704,0.459655,-0.881664,-14.2202,269.107,-0.368645,-0.220411,0.421213,-0.879772,-58.7752,262.723,5.50894,0.338583,0.36006,-0.869321,23.1261,255.752,16.3075,-0.438183,0.211944,-0.873542,-88.1981,244.575,31.8806,0.742415,0.297969,-0.600029,48.1216,227.196,93.2572
3/3/2014 11:28:30,6L,No,3,,-53.5319,256.757,57.082,-0.01070266180148,0.140836051396413,-2.96060732589895,-58.3508,261.932,20.9246,49.7227,-0.58685,0.00637984,-0.80967,-96.8431,269.672,-32.9328,0.440012,0.274309,-0.85507,-4.76716,267.68,2.49163,,,,,,,,,,,,,,,,,,
3/3/2014 11:28:38,3L,No,3,,-41.1939,248.17,42.6152,0.686190014440684,-0.031826608042094,-0.514960870446487,-17.12,305.472,44.7003,77.8765,0.178676,0.564778,-0.805668,-38.2852,301.814,-35.4465,0.649232,0.430677,-0.626909,13.0912,287.955,-31.1412,-0.390742,0.276342,-0.878041,-90.9604,296.384,21.2108,,,,,,,,,,,,
3/3/2014 11:29:31,7L,No,3,,-14.5353,150.478,84.6732,0.21060004358791,-0.136466125596161,-0.323039384721277,-20.1896,130.424,48.344,59.1745,-0.111685,0.0561295,-0.992157,-37.0354,173.929,-7.63731,,,,,,,,,,,,,,,,,,,,,,,,
3/3/2014 11:30:08,9L,No,3,,-26.957,259.445,65.8638,0.359264508862305,0.250802451316338,-0.054513166500671,-20.8578,275.744,36.5981,56.768,-0.1798,0.0106458,-0.983646,-69.5155,283.589,-17.7617,0.689205,0.2529,-0.678998,54.3521,278.555,27.9258,,,,,,,,,,,,,,,,,,
3/3/2014 11:30:35,4L,No,3,,-37.2102,276.634,68.6179,0.304407500844337,0.482407946598058,-0.194492260440699,-30.8125,277.909,33.9324,54.8165,-0.00510784,-0.476584,-0.879114,-47.8293,292.293,-23.8002,0.16172,-0.0618146,-0.984899,-2.52973,307.936,-13.617,0.599224,-0.00859,-0.800535,29.1411,271.362,36.0997,,,,,,,,,,,,
3/3/2014 11:30:45,8L,No,3,,-27.9124,222.19,71.1017,0.55753635544021,0.640139076013226,3.06819813597571,-14.4683,227.595,42.6601,54.2969,0.320299,0.406976,-0.855441,23.3519,266.941,-1.4948,0.132611,-0.0844994,-0.98756,-47.3106,250.601,0.0606651,0.970169,0.0215196,-0.241472,48.0595,218.553,61.2986,,,,,,,,,,,,
3/4/2014 12:45:44,1R,Yes,4,,27.7385,175.567,6.27932,1.02836617385577,-0.852477360946438,-0.647159102626934,147.685,325.942,36.069,204.121,-0.201905,0.647237,-0.735063,22.5138,220.098,-86.9885,-0.201221,0.708337,-0.676586,-5.59919,250.781,-79.9646,-0.250115,0.793198,-0.55523,-25.6541,261.927,-59.4588,-0.214352,0.87899,-0.425945,-39.8338,264.883,-23.8501,-0.44218,0.487826,0.752663,-51.9727,198.882,73.2331
3/4/2014 12:46:32,1R,Yes,4,,48.1134,192.914,11.9119,1.02045188790537,-1.01311934440587,-0.660808948747448,155.131,348.005,4.5777,199.712,-0.361558,0.522892,-0.77192,10.2132,235.02,-81.8164,-0.289146,0.682803,-0.670951,-13.5387,266.185,-69.2805,-0.29492,0.810051,-0.506793,-28.9067,282.242,-43.316,-0.608025,0.47113,0.639017,-22.4316,214.448,94.4345,,,,,,
3/4/2014 12:47:11,9R,Yes,4,,67.8292,247.425,-2.67657,1.06487071968124,-1.17527587884463,-0.502017107106506,47.9991,250.642,-2.31439,76.15,-0.63042,0.542501,0.555215,-31.1596,284.255,41.4653,,,,,,,,,,,,,,,,,,,,,,,,
3/4/2014 12:48:13,9R,Yes,4,,28.8704,214.502,18.6017,0.926910029467708,-0.909441966084862,-0.718540038456933,12.9056,232.966,43.7988,93.1882,-0.0737621,0.570452,0.818012,-49.9435,309.092,36.0313,,,,,,,,,,,,,,,,,,,,,,,,
3/4/2014 12:48:50,4R,Yes,4,,13.5268,250.686,1.82828,0.084453076891207,-0.441599649007884,-0.051129415349804,-0.874615,254.733,-27.4776,72.2281,-0.143197,-0.0183349,-0.989524,-25.5748,268.054,-104.896,-0.0851122,-0.328765,-0.940569,6.87226,191.674,-81.1877,-0.468533,0.517348,-0.71612,-78.0673,288.41,-63.6964,,,,,,,,,,,,
3/4/2014 12:49:34,7R,Yes,4,,39.2408,162.279,34.6859,0.86795137041344,-1.03999041842835,-0.527594326560126,25.8857,180.436,42.2348,78.7061,-0.984692,0.015254,-0.173632,-79.4838,222.86,10.6232,,,,,,,,,,,,,,,,,,,,,,,,
3/4/2014 12:50:07,4R,Yes,4,,18.9577,272.649,24.8619,0.250658792614054,-0.687915273986113,0.304910604893863,12.5355,272.227,-19.4422,61.9013,-0.143995,0.0564707,-0.987966,-1.85787,306.363,-82.5988,-0.334786,-0.0375314,-0.941546,-47.1449,288.204,-59.7464,-0.088052,-0.70636,-0.702355,48.8365,230.488,-43.3589,-0.999519,0.0148494,0.0272366,-56.6088,231.687,43.902,,,,,,
3/4/2014 12:50:16,7R,Yes,4,,48.0557,193.004,34.4486,0.628324524269859,-0.742775754319021,2.631562712973,49.9116,240.831,40.3442,85.6182,,,,,,,,,,,,,,,,,,,,,,,,,,,,,,
3/4/2014 12:51:13,6R,Yes,4,,40.0412,211.969,35.6404,2.50605627302383,-1.64930841521,-0.010955646927634,13.0418,259.42,16.2625,93.6318,-0.957294,-0.13378,-0.256301,-99.9831,216.621,-3.78186,-0.77537,0.408646,0.481466,-31.5573,277.244,83.6131,,,,,,,,,,,,,,,,,,
3/4/2014 12:51:26,2R,Yes,4,,31.8774,196.164,29.207,0.443330297644886,-0.264830735756918,-0.037994240460514,22.0611,227.769,-9.93221,57.7436,0.0324595,0.36565,-0.930186,25.8969,269.78,-62.5589,,,,,,,,,,,,,,,,,,,,,,,,
3/4/2014 12:52:15,6R,Yes,4,,91.9145,213.556,32.4977,1.29611659405985,-1.53722994445389,2.99335642124554,63.9068,215.982,37.4461,84.0025,-0.917568,0.171944,0.358476,17.7648,277.829,72.7301,,,,,,,,,,,,,,,,,,,,,,,,
3/4/2014 12:52:25,2R,Yes,4,,30.1035,209.422,35.1473,0.60785884178018,-0.336054185031445,-0.311524185262486,24.2368,241.448,7.14327,58.677,0.0228804,0.329503,-0.943877,25.1601,274.764,-49.4736,-0.195618,0.586667,-0.785847,-26.7918,274.575,-30.8603,,,,,,,,,,,,,,,,,,
3/4/2014 12:53:03,8R,Yes,4,,25.1461,250.199,61.3931,0.452756114797535,-0.886626249100038,-2.92733282492293,7.12353,285.391,55.0402,81.2921,-0.0642782,-0.2863,-0.955982,16.3488,273.623,-29.4508,-0.270082,0.344954,-0.898923,-59.0619,289.687,-26.4285,-0.672721,-0.257846,0.693514,-76.9644,217.962,75.8843,,,,,,,,,,,,
3/4/2014 12:53:12,3R,Yes,4,,19.9144,226.851,43.1682,0.900233497320218,-0.710719960719662,-0.215247863426741,15.13,264.308,23.0202,67.0697,0.0717823,0.122824,-0.989829,31.4295,306.246,-36.7939,-0.109654,0.795322,-0.596187,-16.0008,316.819,-9.09432,-0.80068,0.417455,-0.4297,-72.2803,248.371,39.5524,,,,,,,,,,,,
3/4/2014 12:53:39,8R,Yes,4,,7.44042,288.541,61.0398,0.635802500567813,-0.949152978408014,0.148312713238872,-16.613,301.158,39.4892,69.378,-0.362907,0.504567,-0.783397,-75.1573,339.532,-17.6942,0.135721,0.841758,-0.522517,12.176,294.161,-16.8247,-0.729758,-0.35439,0.584689,-92.9038,266.911,74.8123,,,,,,,,,,,,
3/4/2014 12:54:13,3R,Yes,4,,11.0896,255.052,4.16833,0.707900580960882,-0.717888038848342,-0.030213840605031,-2.72569,280.148,-19.7612,65.3106,0.0913251,0.357738,-0.929346,17.0174,327.943,-81.2802,-0.240859,0.76191,-0.601233,-39.0392,329.981,-58.6868,-0.497551,0.363283,0.787698,-81.6489,260.306,-0.589672,,,,,,,,,,,,
3/4/2014 12:54:52,10R,Yes,4,,3.89018,176.363,9.39648,0.635862180543818,-0.535864863662559,-0.152040391144234,-0.601514,225.136,-16.6846,59.9014,-0.281819,0.71039,-0.644921,-25.1981,234.675,-82.0651,-0.454898,0.669358,-0.587391,-57.3536,240.897,-38.8609,,,,,,,,,,,,,,,,,,
3/4/2014 12:55:12,5R,Yes,4,,7.61854,267.56,55.0363,0.7174267094458,-0.341622375416165,-0.082542743163634,-19.7416,324.245,38.1798,74.436,0.0806875,0.329907,-0.940559,26.6119,322.1,-29.5697,-0.368311,0.754483,-0.543233,-85.5884,342.317,-13.354,0.642849,0.367893,-0.671863,-6.87863,271.668,-9.95678,,,,,,,,,,,,
3/4/2014 12:55:50,10R,Yes,4,,5.23032,177.836,-6.79449,0.384424668851906,-0.443488535286782,-0.055254709054656,-4.3041,222.415,-36.7179,59.3837,-0.255727,0.342393,-0.904085,-17.3775,203.643,-107.384,-0.476036,0.594726,-0.647835,-57.4254,222.355,-69.431,,,,,,,,,,,,,,,,,,
3/4/2014 12:56:26,5R,Yes,4,,4.97779,258.991,41.949,0.679767546256783,-0.318513086372831,-0.051465329565954,-17.7482,300.937,21.3792,69.887,0.0287573,0.351238,-0.935845,26.4608,313.143,-35.4323,-0.299239,0.674587,-0.674825,-76.1655,322.648,-25.5074,,,,,,,,,,,,,,,,,,
3/4/2014 16:16:54,1R,Yes,5,,15.6702,110.444,36.5134,0.741884367555672,-0.994649491771003,-0.505883379297212,37.6294,171.764,20.411,97.3956,-0.340739,0.0536737,-0.938625,-5.54087,105.488,-48.3418,-0.579221,0.145672,-0.802049,-43.4902,133.579,-38.1584,-0.589399,0.615219,-0.52356,-59.6485,167.32,10.0015,-0.992482,0.0326845,0.117944,-33.7869,128.926,93.4636,,,,,,
3/4/2014 16:17:03,9R,Yes,5,,14.3547,117.503,43.9706,0.106731155017009,-0.384992087937914,-3.09327415953222,4.42121,147.422,28.3093,69.5701,0.229954,0.0489499,-0.97197,45.9408,139.692,-40.0536,-0.672096,0.343142,-0.656156,-73.8258,122.81,17.061,,,,,,,,,,,,,,,,,,
3/4/2014 16:17:36,1R,Yes,5,,14.2222,114.687,18.5515,0.557768191290818,-0.863335783794067,-0.338395846758766,36.1688,206.903,9.84587,115.811,-0.174122,0.173326,-0.96935,6.51257,122.583,-72.1066,-0.591544,0.197059,-0.78182,-36.7555,139.791,-67.8616,-0.437032,0.346399,-0.830067,-54.2513,157.36,-54.695,-0.51806,0.596815,-0.61272,-68.4449,160.506,-21.6686,-0.797849,0.15267,0.583205,-51.9825,123.469,63.9898
3/4/2014 16:17:44,9R,Yes,5,,4.24056,88.3705,23.8288,0.030079782266159,-0.397439834739573,0.0865038956511,8.48274,110.983,18.2838,68.3437,0.103117,-0.0662431,-0.992461,40.2335,105.383,-52.3501,-0.790767,0.0447316,-0.61048,-73.6006,90.3315,14.0823,,,,,,,,,,,,,,,,,,
3/4/2014 16:18:25,4R,Yes,5,,43.5644,135.909,18.6927,1.11733723052389,-1.39944185316435,-0.256172262183385,26.6136,72.9935,-0.603976,96.3151,-0.527019,-0.506082,-0.682738,-28.5464,146.916,-44.2653,-0.693284,-0.124057,-0.709906,-48.6204,155.472,-10.5664,-0.998967,-0.0138766,0.0432718,-23.9533,124.844,49.3853,,,,,,,,,,,,
3/4/2014 16:19:12,4R,Yes,5,,43.1123,133.274,25.7193,0.795103397731123,-1.27130022811506,-0.140963197072665,33.9954,104.483,7.33429,76.6361,-0.417634,-0.544567,-0.727344,-19.4451,141.876,-51.6569,-0.671283,-0.0997843,-0.734454,-51.3722,154.724,-14.349,-0.646025,-0.217579,-0.731649,-24.7793,119.764,45.2722,,,,,,,,,,,,
3/4/2014 16:20:04,6R,Yes,5,,21.455,69.8545,14.4177,0.370669361881455,-0.438095566097205,3.13880145489902,17.0911,124.952,35.9828,92.786,-0.0355272,-0.633172,-0.773196,-13.3255,80.9298,-42.9433,0.838206,-0.117798,-0.53248,32.1966,89.3715,-38.9581,-0.623452,0.169963,-0.763165,-57.2896,90.189,-35.6592,,,,,,,,,,,,
3/4/2014 16:20:16,2R,Yes,5,,39.3737,126.58,35.1513,0.497436303398747,-0.714098050084241,-0.303430017332884,38.4635,180.977,28.178,73.2405,-0.251583,0.210496,-0.944668,-1.94327,176.912,-38.1997,-0.403193,0.416456,-0.814862,-34.7852,170.75,-9.06518,,,,,,,,,,,,,,,,,,
3/4/2014 16:20:56,6R,Yes,5,,57.3054,94.1911,21.4475,0.65255788348542,-1.1933531485337,-0.379192254909845,70.5252,153.087,-2.68751,89.3063,-0.49344,-0.123688,-0.86094,-10.864,113.876,-41.2462,-0.983226,0.0355235,-0.178896,1.01672,122.286,54.2015,,,,,,,,,,,,,,,,,,
3/4/2014 16:22:14,8R,Yes,5,,26.4231,94.7622,36.4499,0.341062706331668,-0.795375120593934,3.01475929488478,34.1449,125.091,34.2061,80.291,-0.0374758,0.0968682,-0.994591,42.8535,111.745,-45.2754,-0.413025,0.136021,-0.900505,-47.8188,118.535,-27.3901,-0.996973,0.0583797,-0.0513557,-43.6691,99.2071,65.3229,,,,,,,,,,,,
3/4/2014 16:22:22,3R,Yes,5,,34.6709,94.4346,32.555,0.209153681777898,-1.01661345617106,3.12020936352232,36.4298,163.345,28.0575,92.3934,-0.379467,0.140821,-0.914426,-7.6963,115.907,-55.057,-0.567962,0.376942,-0.731665,-36.378,121.423,-23.3349,-0.991309,0.0370303,-0.126233,-31.485,88.4803,57.6588,,,,,,,,,,,,
3/4/2014 16:23:06,10R,Yes,5,,38.6635,111.732,49.0433,0.439484114113484,-0.765968995556833,-0.120142718658271,26.4092,92.7665,19.425,63.7292,-0.549496,0.289349,-0.783793,3.43032,142.867,-26.2258,-0.626814,0.0372267,-0.778279,-25.9391,128.118,-17.2764,-0.505349,0.304878,-0.807262,-31.9824,136.018,10.6575,,,,,,,,,,,,
3/4/2014 16:23:17,5R,Yes,5,,37.3805,140.537,52.9196,0.382167926212094,-0.54300273619081,-0.013142341214332,19.1918,192.901,47.8317,75.6793,-0.195366,0.156986,-0.968084,25.5772,164.29,-30.4668,-0.438755,0.0175397,-0.898435,-48.7655,170.669,-8.20291,,,,,,,,,,,,,,,,,,
3/4/2014 16:23:47,10R,Yes,5,,24.5163,146.315,48.7698,0.324369005700015,-0.551025232139092,-0.123241924232604,10.223,134.269,19.6295,60.2299,-0.490569,0.383501,-0.782476,-6.35948,172.204,-30.9017,-0.561981,0.029744,-0.826615,-36.0358,156.821,-25.4943,,,,,,,,,,,,,,,,,,
3/4/2014 16:23:58,5R,Yes,5,,20.9916,142.484,42.4914,0.345754137907105,-0.589981395009287,2.97931178910808,4.53438,128.015,26.3965,64.4913,-0.228818,0.183131,-0.956089,14.6175,160.02,-35.538,-0.483658,0.016579,-0.8751,-64.5236,159.289,-3.73623,,,,,,,,,,,,,,,,,,
3/5/2014 13:17:10,1R,Yes,6,,6.32025,144.915,48.6455,0.615648324870981,-0.079534963546468,2.22485560559832,39.3216,212.986,33.4239,85.2797,0.080515,0.519743,-0.85052,8.78253,182.17,-48.8974,,,,,,,,,,,,,,,,,,,,,,,,
3/5/2014 13:18:33,9R,Yes,6,,1.3101,124.966,8.40906,0.979694100578078,-0.111854872982405,-0.624074730733549,-19.8494,158.919,10.5204,88.7045,,,,,,,,,,,,,,,,,,,,,,,,,,,,,,
3/5/2014 13:19:09,1R,Yes,6,,-2.79716,198.677,42.2701,1.12704385970142,-0.926843522983837,2.32605681111318,58.8634,289.109,83.8883,134.47,0.164843,0.634317,-0.755293,19.5882,245.748,-41.0791,-0.415927,0.853877,-0.312889,-45.9724,289.732,-7.7021,-0.427598,0.864072,-0.265593,-69.8565,281.104,17.3582,-0.672424,0.392344,0.627625,-67.6233,250.396,94.4348,,,,,,
3/5/2014 13:19:38,9R,Yes,6,,16.1196,174.325,9.08749,0.910164911064558,0.109809736217464,0.206927273832293,25.9676,198.242,6.1891,68.1724,-0.763084,0.251733,-0.595259,-42.3151,230.857,-48.0048,0.687706,0.211909,-0.694373,85.7613,243.181,-31.9672,,,,,,,,,,,,,,,,,,
3/5/2014 13:20:12,4R,Yes,6,,20.5334,223.235,49.1077,0.746511679556972,-0.502645590196093,-0.121661134110104,1.24319,233.212,10.3244,62.8778,-0.214127,-0.623755,-0.751717,27.6723,250.759,-42.3984,-0.177395,-0.0538112,-0.982668,-10.4836,289.899,-37.9816,-0.614705,0.228731,-0.754864,-62.7326,244.736,3.8154,,,,,,,,,,,,
3/5/2014 13:20:28,7R,Yes,6,,6.29998,191.824,41.7938,1.13989511753457,-0.48305914929529,-0.050840090636912,-8.31489,198.675,18.9085,66.1993,,,,,,,,,,,,,,,,,,,,,,,,,,,,,,
3/5/2014 13:21:09,4R,Yes,6,,25.7381,253.293,48.7528,1.18786217064269,-0.706060149951889,2.68627218597061,16.2113,307.573,43.1257,61.0705,-0.230512,0.157571,-0.960227,33.8037,334.272,-15.3374,-0.419822,0.806692,-0.415929,-44.9567,298.577,24.3156,-0.108215,0.50748,-0.854841,3.08229,368.469,24.7297,,,,,,,,,,,,
3/5/2014 13:21:35,7R,Yes,6,,17.0914,171.125,15.9104,1.00678567877409,-0.47697843560862,-0.358489570793319,-0.603562,166.828,-31.3679,75.8687,,,,,,,,,,,,,,,,,,,,,,,,,,,,,,
3/5/2014 13:22:49,6R,Yes,6,,66.3212,170.812,-2.37291,-0.127286675198414,-0.675114329003375,-0.065850060770836,71.7288,140.613,13.781,86.1162,-0.712486,-0.606248,-0.353308,-51.7536,174.802,-5.67401,,,,,,,,,,,,,,,,,,,,,,,,
3/5/2014 13:23:20,2R,Yes,6,,42.8713,217.258,46.913,0.654864097067768,-0.295942017437962,-0.266539628429637,40.7178,256.494,27.9345,61.8417,-0.0114795,0.456338,-0.889733,47.0338,279.098,-36.7301,-0.345318,0.370629,-0.8622,-8.64725,280.529,-21.6602,,,,,,,,,,,,,,,,,,
3/5/2014 13:23:45,6R,Yes,6,,66.5139,212.798,0.522751,0.619261552580808,-1.23257093045744,-0.287596269586645,22.3005,189.596,0.170022,89.1473,-0.538238,-0.374301,0.755115,-38.579,247.726,61.3057,,,,,,,,,,,,,,,,,,,,,,,,
3/5/2014 13:24:06,2R,Yes,6,,40.1268,228.714,23.4286,0.592206392324358,-0.425744250835434,-0.188246283627846,32.0886,252.536,-7.97941,54.1426,-0.00484925,0.496945,-0.867768,25.8893,283.506,-59.6576,-0.416646,0.292895,-0.860592,-18.6328,274.858,-44.7893,,,,,,,,,,,,,,,,,,
3/5/2014 13:24:53,8R,Yes,6,,24.5946,249.226,59.2669,0.998564329070404,-0.695177194496834,-0.499776818315674,-6.1056,234.424,9.79563,84.5123,-0.0348843,0.107387,-0.993605,42.2402,301.14,-22.8661,-0.225564,0.360682,-0.905003,-40.7811,323.769,-22.6929,-0.642857,0.432534,0.632178,-79.686,285.19,58.3449,,,,,,,,,,,,
3/5/2014 13:25:06,3R,Yes,6,,32.4786,232.297,17.2324,0.887160117360226,-0.696730781126541,-0.259670011098158,21.0213,256.164,-6.59484,60.8273,0.135022,0.258662,-0.956485,44.152,289.88,-65.9426,-0.169346,0.727229,-0.665176,-4.59249,312.91,-34.5895,-0.66464,0.519109,-0.537382,-47.5005,252.325,11.7995,,,,,,,,,,,,
3/5/2014 13:25:28,8R,Yes,6,,19.8062,255.276,20.733,0.979039865641468,-0.526467543760966,-0.337636948022687,17.2391,289.787,27.3535,73.4114,-0.0721771,0.378831,-0.922647,-6.02908,316.015,-45.7457,-0.0852551,0.18957,-0.978159,69.31,300.298,-38.4837,-0.970007,0.13871,0.199614,-62.2407,269.779,34.848,,,,,,,,,,,,
3/5/2014 13:25:40,3R,Yes,6,,47.1428,250.341,32.3511,1.17426154830271,-0.766480185602595,-0.556648660446727,35.0621,269.224,9.71384,63.8289,-0.0122771,-0.120945,-0.992583,65.6113,315.162,-34.6218,-0.190149,0.7853,-0.589192,21.4513,339.656,-1.47564,-0.973436,0.163189,-0.160596,-24.3891,284.404,37.3792,,,,,,,,,,,,
3/5/2014 13:26:22,10R,Yes,6,,17.6478,164.894,21.9588,0.93655796337261,-0.123637666828479,-0.47393239666975,44.6224,276.493,96.9344,138.703,-0.0881211,0.844093,-0.528906,10.5551,241.988,-36.0526,-0.16386,0.891179,-0.423025,-17.4339,247.714,-24.492,0.105611,0.858617,-0.501621,36.1082,222.314,-22.512,,,,,,,,,,,,
3/5/2014 13:26:48,5R,Yes,6,,28.0024,178.371,32.1355,0.81267479378176,0.023889290641488,3.08074541294013,21.5631,250.691,55.8802,98.356,0.701986,0.30939,-0.641478,12.6979,218.989,-34.5501,0.191609,0.54201,-0.818237,66.6967,255.593,-33.787,,,,,,,,,,,,,,,,,,
3/5/2014 13:26:49,5R,Yes,6,,30.0112,187.187,46.7326,0.787706757246401,0.098109638366446,3.14146760369449,28.8725,227.083,35.8632,64.0465,0.179475,0.485361,-0.855695,66.0249,249.418,-17.6747,0.467988,0.211094,-0.858153,15.4811,212.536,-11.9734,,,,,,,,,,,,,,,,,,
3/5/2014 13:27:17,10R,Yes,6,,20.3607,149.978,45.463,0.965413446392122,-0.24737615641882,-0.372498866417864,20.7844,205.911,52.8627,62.8833,-0.168706,0.786159,-0.594552,3.84619,232.034,-18.3863,0.267147,0.834429,-0.482037,36.3435,214.652,1.50341,-0.214234,0.852106,-0.477514,-22.4007,232.216,6.55339,,,,,,,,,,,,
3/5/2014 13:27:28,5R,Yes,6,,34.5256,213.084,62.0244,1.00201342321257,-0.035057894307204,3.10735456891227,28.3547,255.3,65.8967,64.9643,-0.0913599,0.565151,-0.819913,-11.5301,286.173,15.4579,0.497713,0.625922,-0.600419,28.3043,224.418,16.1049,0.175774,0.595,-0.784269,80.1377,269.517,19.6085,,,,,,,,,,,,
3/11/2014 11:19:26,1R,Yes,7,,12.2133,117.712,47.9023,0.693734621429468,-0.491032124346145,-0.268530170717908,-13.7393,74.3925,0.052645,85.4616,-0.217977,0.338456,-0.915387,11.3389,158.611,-31.0189,-0.315925,0.192402,-0.929071,-16.7005,158.557,-27.996,0.12034,0.308514,-0.943577,48.7448,133.02,-22.2677,-0.518627,0.329967,-0.788763,-44.2529,162.341,4.44614,-0.863873,0.4925,-0.10567,-50.4014,104.057,72.0139
3/11/2014 11:20:02,9R,Yes,7,,4.17903,115.841,40.8716,0.46005525388583,-0.271465265017709,0.25872990452405,0.0197675,114.701,39.1129,62.3638,-0.274444,0.67328,-0.686567,-46.3397,160.123,-17.727,,,,,,,,,,,,,,,,,,,,,,,,
3/11/2014 11:20:25,1R,Yes,7,,2.85404,120.628,42.2891,0.687522749058075,-0.027312503267152,-0.14303718300947,-12.1636,56.4056,-43.7449,116.921,0.090738,0.318433,-0.943592,10.1673,169.684,-40.2922,0.186863,0.41222,-0.891715,38.8247,166.804,-30.915,-0.206146,0.350407,-0.913629,-32.4969,172.118,-22.5751,0.503107,0.362393,-0.784573,67.6014,138.05,-7.47747,-0.578056,0.397429,-0.712672,-77.9619,116.409,38.3377
3/11/2014 11:20:38,9R,Yes,7,,-14.5422,118.617,46.3823,0.64234261489763,0.06750599697837,0.381853882839925,-16.5072,124.576,49.1553,65.1772,-0.278816,0.804403,-0.524593,-73.8499,152.232,-5.24654,0.92493,0.241567,-0.293513,46.9092,166.609,23.2812,,,,,,,,,,,,,,,,,,
3/11/2014 11:21:38,4R,Yes,7,,1.08862,177.276,52.9433,0.306443312725282,-0.15477912991113,0.174741372410436,-9.06244,140.622,10.1663,71.9204,0.184036,-0.162128,-0.969456,5.65945,189.846,-42.7428,0.226963,-0.308562,-0.92373,33.7242,183.058,-34.082,-0.296056,0.0752457,-0.952202,-51.0818,202.901,-26.25,0.409722,-0.284357,-0.866758,58.5381,172.082,-2.08856,-0.991992,0.0550088,-0.113691,-73.0029,154.48,47.3272
3/11/2014 11:21:58,7R,Yes,7,,-7.42842,112.506,21.2682,0.575945525327763,-0.59218739927659,0.111453438887007,-24.397,180.98,21.1589,77.4941,-0.570305,0.513719,-0.640972,-79.5125,158.018,-42.3488,,,,,,,,,,,,,,,,,,,,,,,,
3/11/2014 11:22:40,4R,Yes,7,,-2.19494,181.523,19.1552,0.113280608501415,-0.445160898099456,0.285611867672462,-4.30818,153.428,5.01751,59.5718,0.171653,-0.26879,-0.94778,1.97584,187.98,-48.887,0.0941065,-0.401852,-0.910856,22.2068,177.69,-40.49,-0.301762,-0.162718,-0.939395,-54.3364,181.608,-29.6602,-0.999425,-0.0254234,0.0224375,-53.7291,126.15,42.2169,,,,,,
3/11/2014 11:22:58,7R,Yes,7,,-7.10748,123.272,18.0688,0.637965726749362,-0.558902177298483,-3.03516384317497,-19.7053,172.022,18.0403,66.3084,-0.544954,0.616678,-0.568095,-70.6513,172.119,-38.8004,,,,,,,,,,,,,,,,,,,,,,,,
3/11/2014 11:23:52,6R,Yes,7,,1.27069,148.205,28.4543,-0.726313182259799,-1.03440472482331,0.335552177264274,9.59843,141.058,22.4101,70.4444,-0.265851,-0.672389,-0.690809,-52.9496,107.164,-39.8952,-0.931032,-0.196302,0.307643,-61.2205,120.12,40.6295,,,,,,,,,,,,,,,,,,
3/11/2014 11:24:11,2R,Yes,7,,1.5566,141.014,38.2327,0.413644876816703,-0.325047097084677,-0.184414794307951,-3.92206,151.197,-4.46621,50.7857,0.110441,0.22529,-0.968012,-2.37923,189.68,-52.9766,-0.316659,0.201757,-0.926834,-51.9955,175.345,-36.7379,,,,,,,,,,,,,,,,,,
3/11/2014 11:24:53,6R,Yes,7,,7.01575,118.937,48.5856,-0.026435898437338,-0.592273172511507,-0.041023213958763,1.0376,139.944,13.1571,55.6505,0.0646632,-0.293387,-0.953804,-11.8818,118.882,-47.5024,-0.927577,0.105683,-0.358375,-63.6537,110.582,22.4789,,,,,,,,,,,,,,,,,,
3/11/2014 11:25:10,2R,Yes,7,,3.95945,141.532,35.826,0.528616431196605,-0.029635804286751,-0.139651600053602,3.3229,171.578,2.08611,52.0347,0.15225,0.560147,-0.814282,9.08476,201.541,-49.8006,-0.289093,0.35036,-0.890883,-47.6204,189.62,-36.3592,,,,,,,,,,,,,,,,,,
3/11/2014 11:25:58,8R,Yes,7,,-4.30033,185.049,42.4889,0.262118960715587,-0.441774021115103,0.41137375652974,-6.11659,186.399,22.019,60.7313,-0.265516,0.122609,-0.956278,-47.6284,218.417,-22.7357,0.0414737,0.132282,-0.990344,40.1652,214.819,-19.9826,-0.855016,-0.308713,-0.416706,-57.549,142.62,20.8367,,,,,,,,,,,,
3/11/2014 11:26:20,3R,Yes,7,,30.0332,123.856,21.4681,0.598443787531979,-0.160558049322639,0.026759103824475,21.5008,128.522,-10.6411,57.7436,0.300043,-0.00104049,-0.953925,52.6896,157.203,-66.9523,-0.0949997,0.50025,-0.860654,-1.08591,187.877,-48.86,0.743586,0.364996,-0.56023,64.7207,128.275,-20.7951,-0.709417,-0.102205,-0.697339,-44.3622,120.273,-5.0149,,,,,,
3/11/2014 11:26:52,8R,Yes,7,,2.41423,161.871,46.9387,0.572833240792652,-0.532878804840295,0.283776266028832,-3.65676,170.387,19.1018,57.8382,-0.14294,0.278495,-0.949741,-37.8367,209.5,-24.7962,0.0931204,0.333724,-0.93806,43.1111,204.597,-17.2223,-0.989353,-0.0153431,-0.144723,-68.4333,138.949,29.3593,,,,,,,,,,,,
3/11/2014 11:27:06,3R,Yes,7,,5.26309,120.316,30.8775,0.550656053063685,-0.54622633631154,0.078946748401611,-2.28706,136.195,-6.72785,54.1767,0.151396,0.236662,-0.959724,16.9046,175.374,-58.4962,-0.211536,0.473841,-0.854826,-31.8143,182.056,-38.6771,-0.601327,-0.203264,-0.772716,-65.8851,108.802,7.4481,,,,,,,,,,,,
3/11/2014 11:27:44,10R,Yes,7,,-3.23873,120.526,55.9846,0.830060102300086,-0.441996882221158,-0.175346694690335,-9.41035,161.091,42.719,53.4742,-0.229637,0.621384,-0.749098,-13.963,170.446,-30.158,-0.71193,0.627818,-0.314644,-44.4845,169.135,18.5447,,,,,,,,,,,,,,,,,,
3/11/2014 11:28:33,5R,Yes,7,,8.19426,105.258,57.2383,0.627502740666789,-0.222987866402152,0.109618797659156,2.38498,177.134,85.2428,88.5405,0.0162848,0.676274,-0.73647,36.3128,164.63,-6.15281,-0.286886,0.731718,-0.618292,-39.0636,155.178,6.40462,-0.0472368,0.569079,-0.820925,-3.30283,124.03,24.7374,,,,,,,,,,,,
3/11/2014 11:29:07,10R,Yes,7,,-3.00993,149.02,33.3821,0.608427014402917,-0.412764118552965,0.14743238206717,-13.4759,180.953,13.7118,49.9099,-0.321381,0.545685,-0.773914,-23.321,192.11,-52.0776,-0.492274,0.688073,-0.533124,-43.2106,202.136,-3.53365,,,,,,,,,,,,,,,,,,
3/11/2014 11:29:31,5R,Yes,7,,-3.46107,98.2687,51.2614,0.80929380765511,-0.039102909646839,0.260431301943824,-12.5161,151.346,72.8555,76.164,-0.12457,0.00178367,-0.992209,-49.0522,155.467,-2.78146,0.0801758,0.587562,-0.805197,33.2353,153.204,2.96064,,,,,,,,,,,,,,,,,,
3/12/2014 12:45:52,1R,Yes,8,,4.88492,93.8394,36.894,0.685251032058806,-0.384757419630226,-0.59112355329388,44.9255,175.347,68.4087,111.634,0.0468361,0.778077,-0.626421,13.1267,158.567,-43.8396,0.195639,0.485328,-0.852163,39.6488,124.769,-36.9621,-0.0982351,0.813531,-0.573164,-29.2404,176.777,-22.4489,-0.730864,0.65843,-0.179744,-57.5959,137.932,56.3812,,,,,,
3/12/2014 12:46:05,9R,Yes,8,,16.5806,115.041,48.0934,0.696174204335892,0.155202911579068,-0.802956763473666,34.0042,143.866,67.0953,76.2677,-0.0934777,0.46243,-0.881714,43.5137,167.323,-18.4451,-0.691116,-0.554137,-0.463995,-3.84117,120.636,-15.3158,,,,,,,,,,,,,,,,,,
3/12/2014 12:46:27,1R,Yes,8,,-0.4213,95.79,19.6392,0.407082804847011,-0.093320506553082,-0.45435326030499,22.4734,187.946,35.361,110.806,0.0317996,0.00875019,-0.999456,-0.478265,142.584,-69.497,-0.20537,0.540643,-0.815799,-47.1628,152.502,-54.0612,-0.00475843,0.450513,-0.892757,33.3245,126.678,-50.7022,,,,,,,,,,,,
3/12/2014 12:47:14,9R,Yes,8,,5.74395,118.606,42.0114,0.879700268262706,-0.349443973440314,-0.056525981204241,2.47604,124.754,17.5408,59.6366,-0.0829287,0.138526,-0.986881,38.8251,172.611,-17.2198,-0.682155,0.0765633,-0.727188,-63.5272,153.118,-3.06873,,,,,,,,,,,,,,,,,,
3/12/2014 12:48:38,4R,Yes,8,,2.17201,92.8737,41.8384,0.716002658636724,-0.144706869963271,0.367978321162962,0.408085,93.3001,21.5451,59.0604,0.032475,0.126596,-0.991423,26.3304,130.79,-22.841,0.0417924,0.526705,-0.84902,-1.01779,154.408,-18.8074,-0.263422,0.382678,-0.885532,-41.3582,139.656,-15.4793,,,,,,,,,,,,
3/12/2014 12:49:12,7R,Yes,8,,-29.9814,110.991,56.5858,0.656388336464287,0.314864151927434,0.309202986548099,-21.5911,135.788,65.4546,63.023,0.345219,0.0212631,-0.938281,21.6041,142.401,2.41177,,,,,,,,,,,,,,,,,,,,,,,,
3/12/2014 12:50:33,4R,Yes,8,,12.8396,102.952,37.1843,0.610836558124904,-0.371681120441945,0.39806868827354,3.9228,103.352,10.5436,57.1655,-0.00662497,0.0428344,-0.99906,5.64568,150.649,-40.0086,-0.276347,0.340598,-0.89868,-32.8134,153.56,-23.4271,,,,,,,,,,,,,,,,,,
3/12/2014 12:52:23,6R,Yes,8,,6.36495,71.2595,5.43243,0.326937934357881,-1.00450054186691,-0.023157078905463,-1.21534,115.117,-5.22639,74.4277,-0.109714,-0.447493,-0.887532,-23.9756,87.4924,-86.7879,-0.631211,0.273018,-0.725971,-70.4509,93.1755,-41.1694,-0.786631,0.604789,0.124265,-60.0328,66.3441,27.8914,,,,,,,,,,,,
3/12/2014 12:52:54,2R,Yes,8,,-0.528795,132.728,64.6966,0.537685303390013,0.034377532386901,-0.040919285663368,3.27165,176.499,61.2305,77.0468,0.2761,0.506167,-0.817045,7.78974,217.406,-13.9307,0.0227175,-0.447048,-0.894222,32.9367,131.164,-6.06081,-0.178409,0.701189,-0.690292,-47.7556,214.545,-4.09193,,,,,,,,,,,,
3/12/2014 12:53:55,6R,Yes,8,,4.12178,138.763,34.106,0.122236417728364,-0.801397979038088,0.211008886011739,7.66672,70.958,-21.1388,99.1703,-0.184979,0.219626,-0.957887,-34.9709,164.498,-48.139,-0.999933,-0.0106999,-0.00434451,-73.9161,110.778,37.5983,,,,,,,,,,,,,,,,,,
3/12/2014 12:54:18,2R,Yes,8,,2.29682,168.909,32.0866,0.40967118424249,0.223278768198551,0.076488550576039,-5.36823,202.321,-3.05792,56.1367,0.170576,0.140913,-0.975216,-0.684484,243.848,-53.0418,-0.182776,-0.534028,-0.825474,22.9802,157.711,-17.4739,,,,,,,,,,,,,,,,,,
3/12/2014 12:55:08,8R,Yes,8,,-24.222,171.876,64.2588,0.604515192350945,-0.16593165574778,0.17966014618008,-26.9128,198.012,40.8801,63.066,-0.552876,-0.104153,-0.826729,-81.4983,187.88,-6.19486,0.163906,0.104168,-0.980961,17.0346,211.74,-6.09344,,,,,,,,,,,,,,,,,,
3/12/2014 12:55:43,3R,Yes,8,,7.17254,169.183,43.702,0.467490995632784,-0.379954482339741,0.035396151577848,-1.66075,183.488,1.02799,55.2642,0.408912,0.165617,-0.897419,38.5253,218.554,-41.7741,-0.121827,0.588162,-0.799515,-22.0167,244.984,-27.0347,-0.715527,0.162462,-0.679432,-65.2029,167.275,0.231871,,,,,,,,,,,,
3/12/2014 12:56:11,8R,Yes,8,,-4.16399,138.747,34.6001,0.62952724830704,-0.40432983571182,0.096538754366504,-16.9873,178.572,29.1476,73.7047,0.0516553,0.01849,-0.998494,30.9201,174.662,-34.2342,-0.722514,0.157469,-0.673184,-90.961,136.028,-4.75915,,,,,,,,,,,,,,,,,,
3/12/2014 12:56:20,3R,Yes,8,,4.52177,138.845,35.5145,0.503088216560849,-0.568496164443128,0.008266292896314,-4.98595,152.718,4.94769,56.509,0.329983,0.34129,-0.880132,20.4246,190.062,-48.594,-0.237531,0.55426,-0.797731,-41.4954,198.19,-34.4534,-0.999792,0.0186339,0.00826661,-74.8013,142.151,15.6387,,,,,,,,,,,,
3/12/2014 12:57:37,10R,Yes,8,,-13.2159,128.359,39.1969,0.661054241881897,-0.079986389109271,0.111607140057295,-18.9302,183.405,36.5593,71.6537,0.0102764,0.187538,-0.982204,2.65834,180.91,-39.5169,0.0119286,0.213087,-0.97696,-44.1271,191.369,-35.6063,,,,,,,,,,,,,,,,,,
3/12/2014 12:57:53,5R,Yes,8,,0.340261,91.5436,38.5211,0.556413431075007,0.041120547313184,0.182013159106932,10.0414,116.767,44.9129,64.6346,0.0746675,0.193821,-0.978191,36.7317,144.993,-21.6696,-0.427246,-0.855844,-0.291532,-8.09396,87.688,-16.2611,,,,,,,,,,,,,,,,,,
3/12/2014 12:58:30,10R,Yes,8,,-9.34462,112.857,39.2673,0.475911122475141,-0.178084838023283,3.11495461745923,-6.84534,161.669,24.4818,60.8825,-0.101299,0.65484,-0.748948,-12.3299,166.403,-52.2447,-0.549515,0.764868,-0.33617,-31.0368,159.017,-15.9719,,,,,,,,,,,,,,,,,,
3/12/2014 12:58:59,5R,Yes,8,,-8.84473,142.135,63.5382,0.631230273321328,0.109137190892009,0.173498990593282,-13.1099,194.355,65.3018,72.8156,0.125234,0.303005,-0.944725,-39.4526,227.535,-6.6694,0.124528,0.146124,-0.981397,28.3036,188.223,-5.62613,,,,,,,,,,,,,,,,,,
3/17/2014 11:38:27,6R,Yes,9,,27.9349,143.107,34.5178,0.467266262248283,-0.915356366273784,-0.501729799982796,10.0569,161.248,-4.65686,59.1918,-0.496325,-0.278952,-0.822099,-39.3356,139.564,-60.4065,-0.777412,0.569959,-0.266041,-34.5795,194.567,44.2369,,,,,,,,,,,,,,,,,,
3/17/2014 11:39:24,9R,Yes,9,,19.0679,144.238,30.1733,0.81899822218358,-0.172734406763229,-0.378691844882448,31.9897,207.921,43.3484,85.3735,0.446143,0.450418,-0.773356,81.712,188.24,-36.0793,-0.999659,-0.0188127,0.0181239,-54.9764,212.947,14.2586,,,,,,,,,,,,,,,,,,
3/17/2014 11:40:05,6R,Yes,9,,24.0184,133.634,47.3106,0.571113144420247,-1.05877830287059,-0.344618186648084,32.3435,202.47,12.301,91.1883,-0.390883,0.110209,-0.913819,-40.6431,152.831,-45.4201,-0.973108,0.120625,-0.196241,-45.0655,165.741,74.6918,,,,,,,,,,,,,,,,,,
3/17/2014 11:40:23,9R,Yes,9,,11.2679,167.882,59.2745,0.68592754241566,-0.282775293905414,-0.178344509213368,12.9491,214.81,45.8404,68.4114,0.334607,0.178977,-0.925205,62.818,201.699,-22.9338,-0.994089,-0.105614,0.0251407,-75.6874,215.983,43.7007,,,,,,,,,,,,,,,,,,
3/17/2014 11:41:00,5R,Yes,9,,12.9714,149.573,15.4492,0.672676159521663,0.003343740814474,3.12245874998257,6.45369,185.919,-8.11707,66.0343,-0.277811,0.607397,-0.744238,-45.2893,220.167,-70.8015,0.318769,0.206799,-0.924997,59.2227,192.408,-61.769,,,,,,,,,,,,,,,,,,
3/17/2014 11:41:35,2R,Yes,9,,-0.919501,121.072,20.4445,0.141867203338458,-0.027874792380932,0.128824739031546,-6.19566,150.32,-22.1009,55.3995,0.318114,0.334273,-0.887167,26.4709,164.037,-83.5915,-0.362679,0.332657,-0.870519,-44.6998,172.552,-71.9084,,,,,,,,,,,,,,,,,,
3/17/2014 11:42:01,5R,Yes,9,,-2.27765,158.054,22.9615,0.321394773123852,0.012490483277212,-0.119346905179036,-5.45622,187.947,-16.5447,58.366,-0.424572,0.0565801,-0.903625,-65.1041,178.942,-58.9385,0.457009,0.00708787,-0.889434,51.9993,161.929,-40.8865,,,,,,,,,,,,,,,,,,
3/17/2014 11:42:11,2R,Yes,9,,10.0053,156.153,36.9521,0.452705358655011,-0.229595426473864,-0.101921144935455,3.49712,168.756,-8.44688,53.2548,0.0758545,0.33694,-0.938466,16.129,202.335,-61.0622,-0.465356,0.339539,-0.817409,-44.8826,200.371,-45.1685,,,,,,,,,,,,,,,,,,
3/17/2014 11:42:42,8R,Yes,9,,8.09256,157.974,30.6407,0.431902230940507,-0.252118298951928,-0.065908586610297,-0.0471102,155.681,0.253702,61.8009,-0.173805,0.197745,-0.964722,-29.5505,191.48,-60.2849,0.301722,-0.169259,-0.938251,67.409,157.432,-37.9965,0.110155,-0.734542,-0.669562,10.4294,155.304,-12.9169,-0.98913,0.147004,-0.00349305,-74.2949,161.753,38.2071,,,,,,
3/17/2014 11:42:56,4R,Yes,9,,7.68585,164.35,56.4187,0.416748009787993,-0.821251432692031,0.135392338972509,-0.56598,142.746,19.9387,62.485,-0.0346189,-0.676281,-0.73583,1.29795,158.161,-41.7435,-0.297742,-0.46456,-0.833987,-55.0746,170.353,-26.1442,-0.351926,-0.348634,-0.868679,-44.4921,133.864,37.3553,,,,,,,,,,,,
3/17/2014 11:43:26,8R,Yes,9,,3.1766,126.516,37.2343,0.447359074321287,-0.363939113218159,-0.04743114312443,-10.069,74.1534,4.12052,86.0941,-0.328849,-0.0579633,-0.942602,-46.757,141.327,-56.1629,0.246025,-0.27141,-0.930488,58.6244,124.272,-37.7058,0.129174,-0.611712,-0.780463,4.29263,127.047,-5.81175,-0.825608,0.161346,0.540683,-84.5852,123.824,56.6294,,,,,,
3/17/2014 11:43:37,4R,Yes,9,,7.4666,142.568,34.5463,0.537474979526504,-0.886765536401165,0.07465688602182,0.181942,122.483,1.3861,64.6634,-0.0767636,-0.593641,-0.80106,-1.55055,148.457,-60.5413,-0.326001,-0.439114,-0.837199,-54.8302,154.978,-40.4145,-0.492114,-0.36126,-0.792032,-49.6869,111.575,22.6927,,,,,,,,,,,,
3/17/2014 11:44:11,10R,Yes,9,,-0.455776,116.83,27.1784,0.274948238582392,-0.06357627033402,0.076991240189896,-1.14876,157.55,-7.21943,56.8376,-0.0963276,0.179823,-0.978971,-9.90526,136.588,-76.3205,0.301636,0.415996,-0.857883,41.942,158.528,-58.7754,-0.345399,0.5419,-0.766188,-48.414,163.455,-39.847,,,,,,,,,,,,
3/17/2014 11:44:20,7R,Yes,9,,-7.67526,87.5694,44.7084,0.071876941313209,-0.424973948982353,-0.12125182615332,-8.30788,153.188,50.4505,89.3288,-0.368836,0.417039,-0.830686,-63.6636,124.053,-25.6368,,,,,,,,,,,,,,,,,,,,,,,,
3/17/2014 11:44:45,10R,Yes,9,,1.507,110.233,43.488,0.325874190201508,-0.002891159896055,0.057053686994656,3.71515,139.701,7.01325,53.7608,0.0148269,0.0750653,-0.997068,0.0956505,123.189,-59.2164,0.399174,0.254102,-0.880961,50.8669,143.223,-39.3726,-0.265326,0.399191,-0.877638,-43.2891,150.846,-28.0431,,,,,,,,,,,,
3/17/2014 11:44:51,7R,Yes,9,,3.11654,108.501,69.3435,0.314181440301741,-0.456358380369352,-0.050843881574437,-6.42962,171.855,71.3869,77.7728,-0.44023,0.430691,-0.787847,-56.8442,145.549,1.7201,,,,,,,,,,,,,,,,,,,,,,,,
3/17/2014 11:45:34,1R,Yes,9,,6.95944,164.145,64.2063,0.437544314348555,-0.340839012754792,2.23585389825625,3.67041,186.283,35.1516,67.5098,0.278873,0.427323,-0.860014,20.9586,179.471,-31.5936,0.15434,0.486054,-0.860192,-5.24196,217.621,-31.4629,0.359549,0.0961795,-0.928156,32.4483,128.719,-11.8154,-0.222054,0.657661,-0.719843,-42.1222,240.805,3.27153,-0.750166,0.626869,-0.210442,-41.3852,214.881,100.483
3/17/2014 11:46:05,3R,Yes,9,,10.4905,154.285,66.9405,1.08383707442666,0.579075413405176,0.531272089156589,-17.3861,242.257,110.933,111.055,-0.287106,0.751899,-0.593479,-26.5095,232.884,-4.70569,0.276368,0.816765,-0.506474,41.7929,237.558,12.7619,0.426978,0.900944,0.0773921,83.0596,196.11,80.7144,,,,,,,,,,,,
3/17/2014 11:46:55,1R,Yes,9,,1.38852,188.467,53.4431,0.108654671267347,-0.18468781312784,2.52661559473375,16.5196,228.224,27.0576,77.8929,0.157956,0.360211,-0.919401,11.3307,199.163,-46.63,-0.0367683,0.506728,-0.861322,-22.5143,233.77,-43.1416,0.277226,0.0816673,-0.957328,33.7254,157.528,-26.5553,-0.378259,0.577096,-0.723796,-63.268,244.419,-11.0814,,,,,,
3/17/2014 11:47:36,3R,Yes,9,,8.16183,126.691,25.8308,0.496567085740254,-0.402893965319315,0.009296557058073,11.6749,153.789,-3.4025,59.0326,0.372782,0.297415,-0.878964,47.3053,162.245,-68.0802,-0.232147,0.442933,-0.865978,-18.9222,178.741,-60.017,-0.71122,0.220584,-0.667465,-77.1906,132.029,1.31985,,,,,,,,,,,,
3/17/2014 11:52:12,6R,Yes,10,,45.6372,168.637,-17.0665,0.848172697369891,-0.916279948609909,2.78810614311966,19.0628,183.961,34.676,94.3963,0.525027,0.387335,0.757838,-2.60061,220.876,-11.15,,,,,,,,,,,,,,,,,,,,,,,,
3/17/2014 11:52:42,9R,Yes,10,,61.529,193.902,19.4365,0.960885430082402,-1.23696573779137,2.39790685146712,68.0688,231.575,49.941,92.9415,-0.593488,0.398492,0.699269,-30.4549,271.335,18.8254,,,,,,,,,,,,,,,,,,,,,,,,
3/17/2014 11:53:39,6R,Yes,10,,48.6594,209.21,-10.2862,0.222438046100633,-0.853993015280125,-0.171929941528158,10.0008,198.158,6.75973,78.1425,-0.909009,0.108194,-0.402488,-89.6588,229.051,-31.7944,,,,,,,,,,,,,,,,,,,,,,,,
3/17/2014 11:53:58,9R,Yes,10,,24.7803,221.313,-24.4615,-0.850230882558255,-0.842554216564444,-0.180713806008248,29.0317,262.323,-25.2394,90.244,-0.969236,-0.115558,0.21732,-79.0842,213.613,-40.8523,-0.713658,-0.508799,-0.481472,96.1491,198.359,16.776,,,,,,,,,,,,,,,,,,
3/17/2014 11:55:11,2R,Yes,10,,12.5353,221.808,50.8931,0.190161158962106,0.001379008528361,-0.155802132274945,10.5076,233.139,-1.11231,51.8055,0.284305,0.475175,-0.832694,33.0453,268.274,-47.6927,-0.0041383,-0.726964,-0.686663,-12.8518,181.087,-18.9431,,,,,,,,,,,,,,,,,,
3/17/2014 11:55:36,5R,Yes,10,,6.38806,220.045,55.7223,0.611204355698479,-0.047966844474441,0.082816439139938,-0.332109,260.412,36.0556,60.352,-0.263621,0.286767,-0.921015,-49.122,260.569,-15.5152,0.229196,0.412485,-0.88166,54.4326,257.469,-4.46078,,,,,,,,,,,,,,,,,,
3/17/2014 11:55:50,2R,Yes,10,,13.7417,231.69,49.1816,0.705150673873012,-0.72261832616985,-0.24983647658309,18.2767,274.828,50.0539,70.4214,0.265054,0.728253,-0.631977,37.2742,294.227,-26.1338,-0.205803,0.674472,-0.709036,-28.5683,300.212,-13.7228,,,,,,,,,,,,,,,,,,
3/17/2014 11:56:16,8R,Yes,10,,0.572628,245.931,72.3321,0.500556298827185,-0.401232109803616,0.182294908933364,-9.29457,252.012,33.8033,56.6561,-0.242166,0.34836,-0.905539,-42.0568,301.307,2.97081,0.135754,0.142617,-0.980424,49.5922,266.133,8.60387,-0.59139,0.12376,-0.796832,-71.7825,234.432,34.0728,,,,,,,,,,,,
3/17/2014 11:56:41,4R,Yes,10,,12.7735,233.65,48.0465,0.301458899533327,-0.234674900963935,0.069926638354423,0.244909,216.305,-0.749687,62.9481,0.304462,-0.176476,-0.936034,42.9414,243.84,-48.7374,-0.124476,0.134698,-0.983037,-17.3254,272.625,-44.4399,-0.7409,0.0951403,-0.664842,-68.4477,223.886,13.5595,0.787636,-0.291089,-0.543044,83.8534,179.854,123.695,,,,,,
3/17/2014 11:57:05,8R,Yes,10,,4.15977,231.434,51.7731,0.288116048894194,-0.27581373318956,0.305315999927505,-4.66586,234.376,12.8675,56.8594,-0.0259488,0.21482,-0.976309,-26.4182,282.377,-28.3779,0.185748,0.139272,-0.972677,52.4103,253.299,-14.6254,-0.752881,-0.199077,-0.627326,-63.045,203.566,13.0083,,,,,,,,,,,,
3/17/2014 11:57:17,4R,Yes,10,,12.196,243.81,42.1,0.320887114233547,-0.426766443609719,0.089864402358126,-0.158632,231.743,-7.77856,62.3757,0.320096,-0.0556133,-0.945751,42.3004,265.669,-53.6929,-0.235549,0.260841,-0.936204,-26.0192,289.969,-44.2994,-0.721498,0.0845089,-0.68724,-69.107,235.218,7.91515,,,,,,,,,,,,
3/17/2014 11:57:56,10R,Yes,10,,-14.7435,205.891,18.968,0.803005804702948,-0.051094790197786,2.96785824211283,-13.1793,248.112,2.16702,55.1493,-0.0219429,0.464581,-0.885259,-20.2827,252.785,-66.8408,0.220437,0.75993,-0.611485,24.0203,276.517,-34.3866,-0.220865,0.744163,-0.630428,-56.4669,264.991,-32.8513,,,,,,,,,,,,
3/17/2014 11:58:09,7R,Yes,10,,4.33544,181.633,20.4584,0.683108794552473,-0.396005067505248,0.126625207249906,-5.80337,247.089,32.4994,78.6755,-0.250763,0.750071,-0.611974,-47.9753,237.61,-39.885,,,,,,,,,,,,,,,,,,,,,,,,
3/17/2014 11:58:45,10R,Yes,10,,4.3883,196.853,11.1665,0.728329516515597,-0.166166356618166,-0.15177380580263,4.93992,233.855,-23.1786,49.1203,-0.076601,0.207804,-0.975167,-7.54726,228.332,-87.9948,0.24421,0.722357,-0.646964,42.7158,271.213,-49.3287,-0.31972,0.785413,-0.530005,-38.5073,242.807,-22.2836,,,,,,,,,,,,
3/17/2014 11:58:56,7R,Yes,10,,10.966,185.878,20.4742,0.588979638700657,-0.349882265427447,-0.013087101953716,8.41667,252.925,16.8731,75.7215,-0.256338,0.532794,-0.806487,-36.4499,237.798,-54.7416,,,,,,,,,,,,,,,,,,,,,,,,
3/17/2014 11:59:20,1R,Yes,10,,1.19225,192.079,35.3438,0.448818848427577,-0.071534897421206,-0.28496853164792,-19.0106,165.591,-24.0162,82.3409,-0.00341471,0.50751,-0.861639,3.85642,243.742,-53.179,0.25144,0.593142,-0.764827,43.3261,232.085,-40.3868,-0.263155,0.466778,-0.844315,-40.0626,245.942,-34.032,0.436559,0.300975,-0.847838,68.0337,192.899,-23.7993,-0.536091,0.692149,-0.483255,-82.635,210.042,29.9908
3/17/2014 11:59:30,3R,Yes,10,,10.3311,196.583,43.9227,0.514735033320358,-0.343982873571473,-0.190080610794369,-0.983154,198.383,-0.792696,62.4535,0.278873,0.148793,-0.948731,46.8769,228.578,-49.8906,-0.0791968,0.484107,-0.871417,-6.37909,260.045,-34.6596,-0.705266,0.389981,-0.592043,-68.5362,216.308,15.1843,-0.671957,0.700046,-0.241682,20.9172,95.4193,125.119,,,,,,
3/17/2014 11:59:52,1R,Yes,10,,3.80366,193.698,29.4383,0.3830531183512,-0.049759977714677,-0.441797504807292,-27.0664,172.185,-26.4964,82.9175,0.133351,0.361375,-0.922835,14.283,239.29,-61.9429,0.301958,0.349573,-0.886916,42.1115,217.892,-54.8143,-0.132448,0.523464,-0.84169,-26.5228,259.304,-40.8859,0.452002,0.114877,-0.884589,64.4415,177.644,-39.0673,-0.389575,0.854218,-0.3443,-76.7741,225.408,31.2089
3/17/2014 12:00:05,3R,Yes,10,,14.8276,194.393,34.3824,0.4683981945589,-0.288353274084508,-0.267966628976213,1.25075,199.085,-16.6533,61.1219,0.359785,0.0556999,-0.931371,57.3678,212.844,-60.904,-0.0873773,0.536903,-0.839107,-0.234669,262.488,-44.349,-0.665888,0.416946,-0.618667,-64.0643,219.761,3.41227,,,,,,,,,,,,
3/19/2014 11:16:05,1R,Yes,11,,17.7069,95.4077,10.0603,0.531550144635662,-0.488189039988969,-0.190105209094855,3.18935,101.754,-24.8321,64.7826,-0.228304,0.348276,-0.909165,8.97728,140.413,-88.6174,-0.378125,0.243288,-0.893215,-26.1388,147.155,-81.3516,0.189164,0.22777,-0.955164,56.2168,113.361,-75.1204,-0.581405,0.301221,-0.7558,-61.861,141.237,-56.6839,-0.656389,0.252528,-0.710903,-63.8499,99.4745,1.95165
3/19/2014 11:17:54,9R,Yes,11,,7.70482,117.381,32.1153,0.703173432940923,-0.293333006310786,-0.380944753893904,11.2109,176.49,48.7102,83.7107,-0.986365,-0.0731323,0.147428,-62.4793,198.596,-4.80578,,,,,,,,,,,,,,,,,,,,,,,,
3/19/2014 11:18:34,1R,Yes,11,,22.6823,93.8219,20.071,1.09707445752296,-0.675933613974876,-0.558008821159767,35.3521,144.551,39.9639,81.6985,0.2899,0.742747,-0.603561,67.3319,159.227,-46.9582,-0.204643,0.761281,-0.615282,1.34305,204.645,-26.2571,-0.374171,0.842479,-0.387589,-31.1084,192.224,-7.35981,-0.522436,0.851701,-0.0408147,-42.0015,133.035,9.17171,,,,,,
3/19/2014 11:18:47,9R,Yes,11,,29.1497,93.9251,4.86193,0.777262085568246,-0.867948149715186,-0.625599446630342,49.6712,141.737,26.1349,85.4498,-0.352156,0.454328,-0.818274,11.872,112.6,-42.5998,-0.934623,0.198011,0.295419,-54.4986,155.015,0.349041,,,,,,,,,,,,,,,,,,
3/19/2014 11:19:23,4R,Yes,11,,12.3327,132.04,27.5282,0.771557991227425,-0.673190337762785,0.245430443773137,-2.55169,168.937,0.721533,58.7058,-0.0221849,0.223536,-0.974443,6.52231,220.277,-44.9456,-0.58877,0.506354,-0.630044,-57.089,149.176,-14.9527,,,,,,,,,,,,,,,,,,
3/19/2014 11:19:44,7R,Yes,11,,105.686,134.341,30.761,0.911932535983428,-0.7660530686459,-0.753462055904155,99.4507,135.142,51.87,63.3133,-0.958159,0.195844,-0.20875,36.4403,195.036,14.2614,,,,,,,,,,,,,,,,,,,,,,,,
3/19/2014 11:20:28,4R,Yes,11,,-20.4095,186.651,17.6632,0.897805334596388,-0.995296337960866,0.053284517038059,-32.9963,195.318,-8.64081,57.138,-0.197283,0.303581,-0.932158,-39.9042,245.921,-55.32,-0.455381,0.319779,-0.830884,-77.9868,240.083,-37.2993,-0.509382,-0.0340846,-0.859865,-97.0841,179.119,-0.107685,,,,,,,,,,,,
3/19/2014 11:20:55,7R,Yes,11,,75.9873,112.727,13.4778,1.10245502535807,-1.00632878337453,-0.76003200200374,102.367,144.975,46.4233,79.6046,-0.786415,0.533002,-0.312185,11.8721,169.577,11.1295,,,,,,,,,,,,,,,,,,,,,,,,
3/19/2014 11:22:04,6R,Yes,11,,-19.2253,81.8375,25.4338,1.2953994135538,-1.13864155255028,0.107183503739587,-16.9851,118.113,28.0126,86.8987,,,,,,,,,,,,,,,,,,,,,,,,,,,,,,
3/19/2014 11:22:44,2R,Yes,11,,21.3089,117.847,45.375,0.777663111377195,-0.379606500710838,-0.15016982822404,9.50222,170.206,35.5704,71.2271,-0.291413,-0.568529,-0.76932,11.8043,147.572,-46.343,-0.245776,0.710289,-0.659609,-33.3637,220.822,-14.8435,,,,,,,,,,,,,,,,,,
3/19/2014 11:23:21,6R,Yes,11,,-4.7128,142.276,20.5545,0.831850445716517,-0.969431974555714,-0.235044456159573,-7.11357,220.486,31.233,93.0203,-0.817482,0.51021,-0.267224,-95.0307,198.489,-23.0133,,,,,,,,,,,,,,,,,,,,,,,,
3/19/2014 11:23:52,2R,Yes,11,,39.996,199.289,13.8098,0.633892883258023,-0.275011503965768,-0.23714109092362,37.4581,239.667,-21.4739,56.1799,-0.199707,0.578662,-0.790739,2.55478,282.056,-62.6656,,,,,,,,,,,,,,,,,,,,,,,,
3/19/2014 11:24:42,8R,Yes,11,,-5.10598,165.186,29.7815,0.760704625024082,-0.363329681833826,-0.013722210946673,-6.83782,175.021,-9.85423,58.3005,0.176557,0.394891,-0.901603,24.433,229.816,-41.091,-0.654909,-0.0939625,-0.749843,-67.9481,188.656,-31.1005,,,,,,,,,,,,,,,,,,
3/19/2014 11:25:47,3R,Yes,11,,39.4187,151.905,28.3346,0.736111092194033,-0.218222220610029,-0.34925198936341,31.6308,177.62,14.3844,55.8686,,,,,,,,,,,,,,,,,,,,,,,,,,,,,,
3/19/2014 11:27:17,8R,Yes,11,,-10.7993,158.111,9.28202,0.946744604443498,-0.184136382325988,-0.085453755056488,2.10326,200.002,-10.6726,55.5064,-0.0584915,0.492847,-0.868148,1.86815,254.526,-52.9031,-0.229955,0.7077,-0.668043,-28.8463,198.367,-38.9458,,,,,,,,,,,,,,,,,,
3/19/2014 11:28:36,3R,Yes,11,,31.9875,153.672,16.7157,0.81359033555951,0.192743759940353,-0.055216920871706,43.5514,187.893,-6.85136,60.5561,0.23154,0.266121,-0.935719,81.949,207.627,-49.8372,0.508645,0.22655,-0.830635,10.0211,194.243,-47.5529,,,,,,,,,,,,,,,,,,
3/19/2014 11:29:36,10R,Yes,11,,10.0205,180.274,30.2811,0.475760089537407,-0.353698866159295,-0.02931626898725,5.29299,244.971,31.1484,76.1954,-0.133747,0.835139,-0.53353,7.87708,244.567,-46.6587,-0.496109,0.744613,-0.446572,-31.1971,250.188,-41.0149,-0.612077,0.456962,-0.645405,-40.223,234.28,-6.65227,,,,,,,,,,,,
3/19/2014 11:30:21,5R,Yes,11,,13.8297,183.351,28.0205,0.906823136721414,0.074548522555344,0.071056054120088,28.506,201.079,7.56623,60.213,-0.221968,-0.48388,-0.846516,0.674727,213.122,-50.171,0.211616,0.631695,-0.745775,53.9985,266.047,-25.8185,,,,,,,,,,,,,,,,,,
3/19/2014 11:31:02,10R,Yes,11,,14.2909,193.189,14.7793,0.844281902971399,-0.671783843775668,-0.558301162852799,26.4509,263.588,40.5783,96.5895,-0.359421,0.63282,-0.685825,6.82301,253.334,-60.4858,-0.662488,0.650032,-0.372249,-32.2785,253.071,-38.446,-0.984924,-0.0461183,0.166728,-50.7334,275.107,1.23084,,,,,,,,,,,,
3/19/2014 11:32:34,3R,Yes,11,,1.49154,238.321,93.2966,0.827283015296219,0.261830429148466,0.035104941217827,-4.09694,285.278,86.6478,62.0535,0.080793,0.551818,-0.830042,-2.31298,248.821,40.1735,-0.0197241,0.317326,-0.948111,40.1408,281.246,42.6804,,,,,,,,,,,,,,,,,,
3/19/2014 12:05:33,1R,Yes,12,,70.1032,201.573,-10.4665,0.48938694947663,-0.341440632206097,-0.675952665865737,33.4453,207.434,-47.2078,72.5487,-0.226181,0.411809,-0.882755,47.6575,241.349,-107.508,0.0256208,-0.127156,-0.991552,79.2926,196.946,-104.368,-0.299482,0.56637,-0.767812,23.1219,268.741,-91.4273,-0.406176,0.634827,-0.657279,-3.87716,269.736,-56.1626,,,,,,
3/19/2014 12:05:55,9R,Yes,12,,8.20187,229.053,-16.2371,0.654740456101977,-0.751375341029604,-0.144090032813186,7.65348,273.74,36.0902,105.904,-0.9987,0.00698625,0.0504935,-85.0121,238.541,-25.1307,,,,,,,,,,,,,,,,,,,,,,,,
3/19/2014 12:06:23,1R,Yes,12,,45.2315,192.642,33.7963,0.344255450139967,-0.302794074112687,-0.583581872893222,38.7828,204.899,-4.85097,67.7951,0.0472935,0.181985,-0.982163,46.6209,204.091,-76.6379,0.057206,0.354828,-0.93318,27.9368,240.304,-72.8023,0.22679,-0.299874,-0.926629,67.3305,154.065,-59.2654,-0.215566,0.541555,-0.812557,1.45669,260.266,-47.4167,-0.616597,0.244886,-0.748224,-20.3757,236.015,37.3571
3/19/2014 12:06:32,9R,Yes,12,,31.5626,198.102,30.132,0.566381846462472,-0.658259171937141,-0.066835171129735,24.7503,282.904,59.4902,117.192,-0.998981,0.0220368,0.0393895,-68.2104,239.8,-13.4411,,,,,,,,,,,,,,,,,,,,,,,,
3/19/2014 12:06:48,4R,Yes,12,,11.2536,154.438,-2.58033,-0.178613032342835,-0.76713440330487,0.106041844621772,-0.075388,93.0369,-22.2159,80.8818,-0.110638,-0.644307,-0.756721,3.42295,123.551,-102.494,-0.547574,-0.33152,-0.768282,-53.7244,140.854,-79.5776,-0.999358,-0.012891,-0.0334249,-62.6964,135.579,13.6666,,,,,,,,,,,,
3/19/2014 12:06:54,7R,Yes,12,,17.9921,179.614,40.4516,0.521361689299407,-0.644823921638136,-0.113848958115454,11.6528,245.936,54.3944,95.099,-0.99466,0.039203,0.0954686,-74.3608,236.826,-4.4696,,,,,,,,,,,,,,,,,,,,,,,,
3/19/2014 12:07:09,4R,Yes,12,,9.53321,179.33,6.75595,-0.084721396755387,-0.617889369531932,0.0522762850728,-7.38643,135.894,-21.7093,68.8152,-0.00455542,-0.774992,-0.631954,13.5272,136.472,-93.8284,-0.412041,-0.301913,-0.859692,-44.3387,171.94,-88.1759,-0.999447,0.0201064,0.0264801,-71.3348,168.565,5.32658,,,,,,,,,,,,
3/19/2014 12:07:15,7R,Yes,12,,14.9253,178.904,36.3142,0.513280217655719,-0.523817452121888,-0.089127514441732,10.0896,248.008,46.8483,94.9761,-0.960246,0.0997216,0.260735,-59.2229,239.122,-13.8833,,,,,,,,,,,,,,,,,,,,,,,,
3/19/2014 12:07:41,6R,Yes,12,,12.7958,183.854,11.4805,0.903367634937019,-1.39883462954531,2.76437700320351,17.9054,242.077,-36.1283,96.9458,-0.794235,0.565768,0.221579,-42.3001,243.697,30.9415,,,,,,,,,,,,,,,,,,,,,,,,
3/19/2014 12:07:57,2R,Yes,12,,55.1508,230.266,38.3842,0.612964327604743,-0.11140724693931,-0.113195951513532,53.716,261.038,1.23653,52.3429,0.127435,0.243618,-0.961463,66.8653,288.785,-50.1922,-0.115029,0.468867,-0.875746,21.6204,294.069,-46.0971,,,,,,,,,,,,,,,,,,
3/19/2014 12:08:32,6R,Yes,12,,33.1367,219.234,32.1587,0.555616652038893,-1.24369422929442,-0.344709767684418,5.81124,221.981,11.2501,78.6351,-0.838965,0.129132,-0.528642,-89.5572,223.994,-41.4549,-0.972164,0.147679,-0.1819,-40.744,269.068,41.8667,,,,,,,,,,,,,,,,,,
3/19/2014 12:08:49,2R,Yes,12,,42.8899,194.6,1.21193,0.443464159587798,-0.077116241181817,-0.089753372068671,41.574,224.868,-36.8761,54.0222,0.137709,0.094942,-0.985912,56.1069,244.62,-94.7613,-0.108966,0.325846,-0.939122,12.5492,249.829,-89.6319,,,,,,,,,,,,,,,,,,
3/19/2014 12:09:16,8R,Yes,12,,26.2092,214.076,10.0396,0.526558788211628,-0.393557463118688,0.060192853209464,18.1094,232.772,-21.2335,60.63,-0.10268,0.469905,-0.876725,-9.98657,275.1,-67.8767,0.384618,0.0343612,-0.922436,86.28,239.925,-54.5362,-0.997971,-0.0364767,-0.0521843,-58.8262,212.765,-9.6349,,,,,,,,,,,,
3/19/2014 12:09:28,3R,Yes,12,,15.206,233.875,73.9318,0.569172945390255,-0.321481985608426,0.078898540324533,9.77968,241.185,23.269,60.3233,0.30462,0.0551463,-0.950876,48.7807,281.148,-15.1562,-0.10687,0.457059,-0.882993,-8.05341,306.734,-4.7028,-0.693911,0.0915566,-0.714217,-53.997,236.721,25.9626,,,,,,,,,,,,
3/19/2014 12:09:42,8R,Yes,12,,11.1432,209.783,52.7872,0.597786926993398,-0.233629994715835,-3.04080450773552,0.550849,240.093,15.2021,60.2934,0.0812847,0.30727,-0.948144,-12.872,287.406,-34.41,0.155948,-0.0382498,-0.987024,54.5664,240.327,-25.534,-0.655986,0.288919,-0.697286,-61.0531,231.735,-6.00081,,,,,,,,,,,,
3/19/2014 12:09:50,3R,Yes,12,,14.4698,206.965,60.8357,0.397275011787339,-0.405743602045719,0.074511921333289,2.34529,201.727,9.78402,63.0404,0.330911,0.0102817,-0.943606,46.5155,235.256,-39.1232,-0.156765,0.532992,-0.831471,-13.1957,268.339,-23.9625,-0.535201,-0.0522104,-0.84311,-69.3523,208.563,36.2731,,,,,,,,,,,,
3/19/2014 12:10:12,10R,Yes,12,,18.4884,213.725,81.1288,0.514972342098343,-0.06258015746501,-0.040270116803596,18.1633,243.563,47.0152,50.8889,-0.118949,0.315161,-0.941554,9.72849,246.832,-17.5709,0.107964,0.534593,-0.838185,49.0819,263.804,0.456847,-0.16002,0.659066,-0.734864,-14.8844,269.931,14.3038,,,,,,,,,,,,
3/19/2014 12:10:24,5R,Yes,12,,-1.32544,242.447,77.554,0.716066000208844,0.192835872543174,0.052177076435561,-2.58722,288.408,62.2851,62.5276,-0.185527,0.701487,-0.68811,-45.3612,319.892,11.5806,0.462846,0.444704,-0.766819,58.0378,276.735,28.6439,,,,,,,,,,,,,,,,,,
3/19/2014 12:10:43,10R,Yes,12,,14.6152,209.089,79.649,1.02417472840653,-0.520055250864788,-0.314150706553986,5.76636,257.378,69.3794,52.1182,-0.396339,0.680952,-0.615808,-18.2724,286.9,11.1639,0.0123759,0.909291,-0.415977,27.7153,286.944,37.9699,-0.505136,0.818628,-0.273287,-44.2702,278.561,55.1594,,,,,,,,,,,,
3/19/2014 12:10:53,5R,Yes,12,,9.44907,258.912,64.7609,0.706670240520428,0.13447938725655,-3.021802977858,3.73001,304.243,46.8146,62.5361,-0.147335,0.725788,-0.671956,-34.8335,330.694,-1.48146,0.456921,0.529897,-0.714446,15.5911,262.669,7.58444,0.41992,0.309994,-0.852977,64.88,295.958,13.1672,,,,,,,,,,,,
3/25/2014 10:55:24,1R,Yes,13,,5.71006,132.457,73.6128,0.136920190615576,-0.467119825091658,0.15310726820919,-0.12532,104.129,38.0768,70.5094,-0.223881,-0.157484,-0.961809,-7.50854,137.544,-33.8207,-0.222107,-0.0991345,-0.96997,-32.5422,142.25,-31.6325,0.179494,-0.180858,-0.966991,43.8445,123.548,-17.0126,-0.270147,-0.0812398,-0.959386,-55.3641,136.853,-10.4981,-0.972203,0.192548,0.13322,-77.7316,113.167,93.299
3/25/2014 10:56:07,9R,Yes,13,,47.4511,162.516,64.5003,0.624089934670794,-0.98567167597907,0.183759006028436,32.0474,217.176,75.5131,102.695,-0.362453,-0.238918,-0.900858,8.8856,185.448,-24.4222,-0.998147,0.0292538,-0.0533555,-74.2265,168.743,38.5236,,,,,,,,,,,,,,,,,,
3/25/2014 10:57:12,1R,Yes,13,,-9.33083,126.942,32.8492,0.267272409110705,-0.696939604063113,-0.200536566063072,-14.95,114.927,16.3989,61.4386,-0.290302,-0.216224,-0.932187,-1.11701,111.441,-48.9053,-0.621886,-0.0555625,-0.781134,-48.9554,137.877,-39.9325,-0.516934,-0.0446199,-0.854862,-68.2567,145.387,-26.7876,-0.646007,0.0504842,-0.761661,-83.3788,143.054,4.84897,-0.854533,-0.0116486,0.519266,-69.1974,115.148,100.534
3/25/2014 10:57:32,9R,Yes,13,,33.8614,118.511,22.2944,1.00777291830148,-0.033534438815896,-0.991998244610192,45.9559,146.755,33.4,76.9344,-0.539771,0.256916,-0.801649,22.4469,188.891,-41.322,,,,,,,,,,,,,,,,,,,,,,,,
3/25/2014 10:58:03,4R,Yes,13,,63.0056,160.706,82.4133,1.03429958485813,-1.28522127876168,-0.1392649564055,47.1292,145.061,63.8351,71.6247,-0.227009,-0.561521,-0.795714,19.3838,171.986,3.06591,-0.385085,-0.174436,-0.906246,-16.0692,199.603,27.0705,-0.927588,-0.15259,0.341023,-23.1957,135.476,84.3585,,,,,,,,,,,,
3/25/2014 10:58:15,7R,Yes,13,,45.945,133.797,80.3675,1.11218570611279,-0.864057841347889,-0.622442169788787,14.7438,107.774,29.2764,88.9433,-0.543209,0.136627,-0.828407,17.2851,196.965,12.7921,-0.0504304,0.762865,-0.644588,-13.8467,198.23,64.0993,,,,,,,,,,,,,,,,,,
3/25/2014 10:58:33,4R,Yes,13,,41.9809,131.198,83.9252,1.02483660044825,-1.19294604017345,-0.144600423259103,34.5434,121.108,60.4987,69.6625,-0.304225,-0.43743,-0.846228,5.85823,153.414,5.7596,-0.387099,-0.274273,-0.8803,-21.3698,174.283,33.7513,-0.999625,-0.0185806,0.0201347,-40.9454,119.962,77.5973,,,,,,,,,,,,
3/25/2014 10:58:50,7R,Yes,13,,33.5386,116.144,31.9322,1.20838596797982,-0.394034743500297,-0.853983429488436,61.7591,151.897,35.0744,74.4822,-0.444334,0.477696,-0.757875,21.0796,202.771,-20.541,,,,,,,,,,,,,,,,,,,,,,,,
3/25/2014 10:59:25,6R,Yes,13,,55.6525,101.922,23.1614,1.64964130620025,-1.6025951976985,-0.393602886997434,54.1789,100.897,36.1928,68.791,-0.648738,0.0328363,-0.760303,-28.8295,134.512,1.34533,-0.869006,-0.309673,0.385916,5.63909,82.6233,65.4344,,,,,,,,,,,,,,,,,,
3/25/2014 10:59:46,2R,Yes,13,,63.6237,148.904,52.0035,1.00000236893046,-0.899667497473879,2.49591267081344,38.6664,146.359,28.304,67.09,-0.447163,0.119643,-0.886414,6.89044,205.707,-11.7693,-0.523136,0.294259,-0.799838,-17.1392,201.497,20.8856,,,,,,,,,,,,,,,,,,
3/25/2014 11:00:26,6R,Yes,13,,32.2534,129.304,22.7773,0.7516761525942,-1.18564317407468,-0.227772096987123,13.2749,113.767,22.0228,77.4972,-0.286026,-0.127803,-0.949661,-44.9725,154.413,-51.0279,-0.876492,-0.00780376,0.481354,-64.8534,135.106,55.2384,,,,,,,,,,,,,,,,,,
3/25/2014 11:00:38,2R,Yes,13,,49.4387,125.183,52.8605,0.365770752862927,-0.682701142019178,-0.252568590941132,39.3224,137.029,27.0758,57.1746,-0.337996,-0.0665816,-0.938789,6.35134,149.174,-33.0655,-0.532025,-0.0237728,-0.846395,-29.0864,145.73,2.24002,,,,,,,,,,,,,,,,,,
3/25/2014 11:01:01,8R,Yes,13,,58.5676,157.937,64.4922,0.500339958624696,-1.03917885430578,-3.10266454711106,37.2158,171.858,64.0309,79.9305,-0.267539,-0.393751,-0.879422,21.8224,170.773,-23.4204,-0.562405,0.261548,-0.784406,-56.4442,200.533,18.3005,-0.979981,-0.054119,0.191592,-37.8023,129.233,48.417,,,,,,,,,,,,
3/25/2014 11:01:11,3R,Yes,13,,57.6965,143.903,66.3606,1.17065587107961,-1.36541348158264,3.00807519393279,38.9822,152.722,59.6303,74.3272,-0.299664,-0.215582,-0.929368,1.7733,172.606,-16.4963,-0.575195,0.390166,-0.718973,-34.8966,204.764,25.7385,-0.829008,-0.311338,0.464558,-30.1987,120.486,75.2177,,,,,,,,,,,,
3/25/2014 11:01:27,8R,Yes,13,,61.4336,143.306,83.6177,0.982851750805234,-1.38243712146336,0.179645869622606,54.5518,180.655,103.928,101.934,-0.388181,-0.399094,-0.830686,18.2809,144.86,-2.39764,-0.475447,0.392322,-0.787422,-48.2615,201.4,42.2097,-0.845901,-0.356396,0.396779,-39.4807,112.067,74.9472,,,,,,,,,,,,
3/25/2014 11:01:36,3R,Yes,13,,70.3094,142.284,60.9705,1.33447760880131,-1.36357451211012,-0.52316293193462,56.5855,149.164,51.4411,72.9199,-0.363489,-0.18629,-0.912782,23.0589,165.214,-18.5782,-0.39528,0.538655,-0.744046,1.41237,211.808,23.4034,-0.934052,-0.0855346,0.346744,-25.3904,133.383,80.9774,,,,,,,,,,,,
3/25/2014 11:02:33,10R,Yes,13,,6.95937,134.551,67.4037,0.563277444281816,-0.29958603001653,-0.069028117724078,0.776029,159.842,36.8558,52.977,-0.328866,0.301297,-0.895024,-19.629,164.769,-27.012,0.0380865,0.704584,-0.708598,12.4846,190.008,-12.4121,-0.371673,0.6634,-0.64943,-42.8176,182.661,-1.68838,,,,,,,,,,,,
3/25/2014 11:02:48,5R,Yes,13,,21.2158,147.34,99.2314,0.314208410107672,-0.466551994725306,0.093696852274954,8.86006,143.267,71.1131,65.7167,-0.00637899,-0.100681,-0.994898,24.3747,158.054,4.82011,-0.405296,0.0728934,-0.911275,-67.7703,160.416,22.4481,,,,,,,,,,,,,,,,,,
3/25/2014 11:03:07,10R,Yes,13,,-1.49635,131.802,85.3909,0.585661946983139,-0.368351462042157,-0.009551818847595,-9.36105,155.635,57.4413,53.6728,-0.356441,0.359069,-0.862566,-31.5674,163.679,-3.9539,-0.215969,0.656749,-0.722522,-2.15534,185.48,9.15111,-0.444327,0.638048,-0.628863,-56.7139,174.441,20.2291,,,,,,,,,,,,
3/25/2014 11:03:18,5R,Yes,13,,4.96895,110.153,86.1798,0.456003824002931,-0.294568510740535,0.021355240107494,4.22887,107.543,72.4965,59.9887,-0.00149623,0.0342516,-0.999412,27.6356,123.551,9.20069,-0.323447,0.0282275,-0.945825,-60.962,128.115,20.2596,,,,,,,,,,,,,,,,,,
3/26/2014 12:13:22,1R,Yes,14,,16.8921,78.0864,25.0248,0.204539251820924,-0.670988869908621,-0.013172894361076,16.0743,117.502,13.6891,83.1441,-0.242655,-0.117785,-0.962936,17.9249,70.7951,-69.6746,-0.656641,-0.0252747,-0.75378,-38.1355,87.114,-61.1913,-0.747997,-0.00844612,-0.663649,-67.8612,93.3045,-41.9929,-0.704254,-0.0705008,-0.706439,-78.4097,95.6209,-12.3331,,,,,,
3/26/2014 12:14:18,1R,Yes,14,,20.1222,150.277,13.5924,0.290651124265128,-0.574112860224177,-0.619375351004248,-13.2446,145.279,-13.4736,67.9701,-0.441381,0.0601766,-0.8953,-17.6542,151.982,-83.2039,-0.184925,-0.303037,-0.934864,8.98933,103.384,-75.1172,-0.359978,0.275051,-0.891495,-35.6737,187.518,-72.41,-0.923845,0.171714,-0.342088,-36.9489,187.477,39.2851,,,,,,
3/26/2014 12:13:58,9R,Yes,14,,35.2897,138.725,33.1668,0.420312588663711,-0.725227598754409,-0.197828615763698,25.0325,186.4,25.708,78.4192,-0.553955,0.769179,-0.318586,-63.6781,191.986,-25.0111,,,,,,,,,,,,,,,,,,,,,,,,
3/26/2014 12:14:27,9R,Yes,14,,30.7101,104.396,30.7271,0.54953393976094,-0.519040049373148,-0.139003459592663,23.0878,123.598,38.4287,70.2749,-0.414453,0.868515,-0.271865,-52.4764,175.177,-22.4782,,,,,,,,,,,,,,,,,,,,,,,,
3/26/2014 12:14:50,4R,Yes,14,,-12.6451,193.795,23.3721,-0.173049821304758,-0.941325983579174,0.413139097849673,-31.5647,186.278,-2.00249,56.9015,-0.225331,-0.604329,-0.764207,-59.1576,176.514,-64.8375,-0.384044,-0.488041,-0.783789,-94.7687,192.732,-37.1742,-0.958003,-0.0601995,-0.28037,-73.78,157.474,6.80093,,,,,,,,,,,,
3/26/2014 12:14:59,7R,Yes,14,,42.8928,97.7414,16.9799,0.736237494950798,-0.443587825952508,-0.612675191848509,54.5618,138.232,16.5257,71.03,-0.295047,0.843205,0.449392,-12.3452,185.398,-13.5201,,,,,,,,,,,,,,,,,,,,,,,,
3/26/2014 12:16:34,2R,Yes,14,,-3.18324,155.724,63.1842,0.884946760097068,-0.493907345602679,-0.082299959303568,-17.0739,170.276,27.2454,55.4418,-0.0950304,0.484398,-0.869671,-14.9463,224.722,-11.0699,-0.370877,0.550089,-0.748233,-57.8552,219.602,11.1435,,,,,,,,,,,,,,,,,,
3/26/2014 12:16:11,6R,Yes,14,,33.3598,116.167,18.9511,-0.255107079896919,-1.21732052900077,-3.08590813852157,8.88744,162.74,4.07082,93.7076,-0.867899,-0.453913,-0.201778,-24.3233,86.4062,-31.8246,-0.841941,-0.106356,-0.528984,-98.9854,111.598,-30.157,-0.752612,-0.244491,0.611392,-53.3788,94.7075,48.0194,,,,,,,,,,,,
3/26/2014 12:15:22,4R,Yes,14,,21.4867,155.214,28.6198,0.237932843521152,-0.711262753631142,-2.96248258029607,4.66366,182.436,9.11924,69.9937,-0.194812,-0.717944,-0.668285,-23.913,123.678,-52.3308,-0.487327,-0.318737,-0.812969,-69.4604,155.858,-23.1423,0.248363,-0.619392,-0.744761,15.4595,150.553,-10.2062,,,,,,,,,,,,
3/26/2014 12:15:29,7R,Yes,14,,50.7521,98.7326,30.8779,0.765054766301146,-0.699308416395836,-0.506282918187299,72.7763,158.42,65.7067,97.0826,-0.998124,0.0537591,-0.0292977,-20.4689,171.204,4.55568,,,,,,,,,,,,,,,,,,,,,,,,
3/26/2014 12:17:39,8R,Yes,14,,16.906,133.965,37.4915,0.591139067531002,-0.615874734592438,-0.018263667605926,5.51048,170.939,27.5107,65.9759,-0.17418,0.115044,-0.97797,32.2531,165.492,-49.1936,-0.215433,0.459976,-0.861401,-42.594,202.221,-22.1396,-0.852111,-0.0637335,-0.519466,-57.4413,138.227,7.674,,,,,,,,,,,,
3/26/2014 12:17:56,3R,Yes,14,,31.2539,171.275,40.1063,0.649861716763345,-0.572201151879464,-3.12059876799002,25.7654,205.17,14.547,52.0905,-0.0208634,0.33585,-0.941684,20.9206,243.291,-37.8414,-0.571366,0.167518,-0.803417,-23.9161,187.566,-4.4165,,,,,,,,,,,,,,,,,,
3/26/2014 12:17:15,2R,Yes,14,,21.1105,137.517,39.0875,0.862050390955643,-0.197546617835632,-0.121765024085572,16.2899,173.589,26.2111,56.955,0.123267,0.483173,-0.866804,31.5137,210.761,-32.096,-0.193086,0.719259,-0.667372,-17.9988,219.091,-12.9378,,,,,,,,,,,,,,,,,,
3/26/2014 12:17:01,6R,Yes,14,,33.6111,129.251,26.3828,-0.062022700488488,-0.861087988690095,-0.233514703455363,10.1753,135.621,21.3526,79.9856,-0.945755,-0.173682,-0.274558,-100.438,142.149,-31.5562,,,,,,,,,,,,,,,,,,,,,,,,
3/26/2014 12:18:40,8R,Yes,14,,21.5341,116.366,24.2705,0.62053394457931,-0.446701981745843,2.89469142993695,13.5686,164.607,13.9912,61.6796,-0.113541,0.492224,-0.863032,35.6985,190.57,-56.1576,-0.567976,0.336074,-0.751304,-53.3733,157.494,-19.8791,,,,,,,,,,,,,,,,,,
3/26/2014 12:18:57,3R,Yes,14,,14.3562,141.021,26.034,0.635803439197749,-0.566122277554439,-0.011337873097422,8.93388,169.036,-4.75378,53.1525,-0.0333732,0.30549,-0.95161,7.95136,211.591,-54.8453,-0.606536,0.236741,-0.758991,-42.7412,154.633,-16.4146,,,,,,,,,,,,,,,,,,
3/26/2014 12:19:27,10R,Yes,14,,1.05918,85.3784,34.0961,0.341079654836463,-0.123535456906439,0.246394287567283,-5.47882,141.526,25.6262,67.6034,-0.174716,0.592682,-0.786259,-11.0496,134.965,-55.0526,-0.0205391,0.67077,-0.741381,22.687,142.366,-41.922,-0.347739,0.823832,-0.447637,-43.0385,128.242,-10.9041,,,,,,,,,,,,
3/26/2014 12:19:45,5R,Yes,14,,12.0792,114.349,47.1758,0.582288717671242,-0.201893265949788,0.148054519517315,-0.324352,161.463,38.1147,68.6244,0.0170651,0.343655,-0.938941,42.2469,164.166,-31.6412,-0.283853,0.17633,-0.942515,-52.7818,170.385,-23.2436,,,,,,,,,,,,,,,,,,
3/26/2014 12:20:04,10R,Yes,14,,14.8272,102.343,35.4634,0.466444635352824,-0.150152409726626,0.124842309644882,9.69289,166.491,38.3315,72.569,-0.157543,0.782495,-0.602397,1.04173,171.087,-47.8226,0.372879,0.779572,-0.503218,35.8923,159.733,-26.7502,-0.170611,0.89196,-0.418687,-15.5373,147.242,-11.9701,,,,,,,,,,,,
3/26/2014 12:20:13,5R,Yes,14,,14.0941,115.904,53.3183,0.830087057599231,-0.127643651138764,-2.91629061359963,3.09599,174.828,78.5215,86.965,0.0863329,0.582052,-0.808555,50.9078,180.645,-4.23616,-0.203239,0.466192,-0.861022,-44.331,187.264,-1.20701,,,,,,,,,,,,,,,,,,
3/29/2014 14:04:48,1R,No,15,,15.8267,94.7656,3.72664,0.767252999893469,-0.563325620310148,-0.42755408020378,-7.03968,95.2417,-43.3493,70.4494,-0.314335,0.449651,-0.836066,4.44016,161.428,-88.2439,-0.302796,0.491278,-0.816676,-18.9419,171.502,-79.0872,-0.133272,0.429668,-0.893098,38.8565,142.767,-76.4219,-0.412383,0.52544,-0.744213,-46.8589,155.154,-53.3921,-0.889528,0.0321898,-0.455745,-58.6124,107.003,22.6578
3/29/2014 14:06:40,9R,No,15,,58.5879,97.4161,-17.1651,0.473277623889871,-0.685281360761096,-0.501441560342852,56.0109,108.704,-20.6558,67.5765,0.0519801,-0.972842,-0.225556,45.939,107.345,-87.1853,-0.474205,-0.242856,-0.846257,-20.7644,137.011,-20.3425,,,,,,,,,,,,,,,,,,
3/29/2014 14:07:10,1R,No,15,,-1.33782,111.12,-34.5551,0.246625389765457,-0.855208496117311,0.062066523196996,-15.928,152.57,-71.8711,63.2607,-0.403247,0.251565,-0.879834,-30.9417,144.538,-141.241,-0.524611,0.156916,-0.836756,-62.4343,139.995,-131.358,-0.561707,0.173547,-0.80893,-79.5376,128.846,-101.106,-0.985264,-0.0396834,0.166376,-77.6895,93.0265,-5.08751,,,,,,
3/29/2014 14:07:28,9R,No,15,,38.4007,94.4443,-30.3732,-0.247610485712411,-0.55161330019473,-0.869348768972112,31.9379,103.458,-38.9921,65.4879,,,,,,,,,,,,,,,,,,,,,,,,,,,,,,
3/29/2014 14:09:11,4R,No,15,,48.3529,150.809,-17.7753,0.713893944186527,-0.848627888787829,-0.085143812266693,38.8521,141.669,-32.4064,76.9604,-0.754512,-0.265353,-0.60025,-11.951,180.34,-87.1601,,,,,,,,,,,,,,,,,,,,,,,,
3/29/2014 14:09:59,7R,No,15,,49.3219,84.5989,43.3222,0.013419526573404,-0.696487097210777,-0.023912107731376,56.1446,151.235,29.9989,86.8634,-0.795522,-0.0734772,-0.601453,-14.005,94.5377,-2.83336,,,,,,,,,,,,,,,,,,,,,,,,
3/29/2014 14:10:40,4R,No,15,,33.6708,166.259,-4.3759,0.392884321586629,-0.438568451645046,0.428272490498586,45.5431,122.51,-47.2869,86.0331,-0.404002,-0.108592,-0.90829,4.96695,186.102,-96.3257,-0.28643,-0.22552,-0.931181,40.5226,198.395,-79.0722,-0.117824,0.198645,-0.972963,-27.1125,168.613,-78.8837,,,,,,,,,,,,
3/29/2014 14:11:00,7R,No,15,,36.6415,140.963,8.41305,0.154990375699243,-0.747918216011906,0.086007925285581,25.8746,107.938,-56.0196,70.1404,-0.555773,-0.074547,-0.827985,-15.8871,157.87,-99.4115,-0.424982,0.0648084,-0.902879,24.7871,166.365,-91.2676,-0.548975,-0.33395,-0.766227,-40.5761,139.371,-83.1148,-0.89399,-0.131958,0.428216,-37.6381,119.277,57.974,,,,,,
3/29/2014 14:12:29,2R,No,15,,24.2209,137.201,11.622,1.11419740029689,-1.3243423382737,-0.243632855504879,9.46563,151.762,0.552877,66.1302,-0.490758,0.100739,-0.865452,-36.4812,177.247,-70.275,-0.586607,0.635006,-0.502652,-56.7072,193.261,-9.63304,-0.999942,-0.000983919,-0.0107093,-50.3442,114.384,26.8973,,,,,,,,,,,,
3/29/2014 14:12:52,6R,No,15,,65.4812,148.445,33.7451,-0.26530380228129,-0.698489951381662,0.121049502128389,40.6046,164.955,-4.13571,59.9202,-0.486179,-0.296981,-0.821847,-12.3211,119.294,-34.0084,,,,,,,,,,,,,,,,,,,,,,,,
3/29/2014 14:13:24,2R,No,15,,61.9237,124.373,9.32585,0.679979755569006,-0.814423835921012,-0.355879363147527,54.071,164.287,-14.0159,62.7846,-0.49897,-0.16808,-0.850163,-1.14059,141.194,-70.6878,,,,,,,,,,,,,,,,,,,,,,,,
3/29/2014 14:13:53,6R,No,15,,66.6287,114.903,7.70423,0.476305416597383,-0.626570877145115,-0.291779264629981,59.9851,162.976,-13.0206,68.61,-0.405336,0.000580096,-0.914168,-7.05089,149.062,-59.3112,,,,,,,,,,,,,,,,,,,,,,,,
3/29/2014 14:16:37,8R,No,15,,55.4105,120.764,46.989,0.928868052068238,-1.00918096564173,-0.44914223853252,44.3436,129.76,32.3089,65.5672,-0.436541,-0.733256,-0.521313,9.29907,117.406,-33.2267,-0.444075,0.32042,-0.836737,-5.1358,183.037,-23.1223,-0.903573,0.166684,-0.394681,-22.1896,139.734,64.3701,,,,,,,,,,,,
3/29/2014 14:17:59,3R,No,15,,40.6805,117.65,26.5928,1.15559859754162,-1.20957085611078,-0.418281988878398,25.7697,124.859,14.6293,64.5483,-0.500401,-0.10824,-0.859001,-8.23791,150.078,-53.2534,-0.36373,0.581378,-0.727805,-12.0408,199.265,-14.9953,-0.999419,0.0228803,-0.0252749,-44.9644,109.005,38.592,,,,,,,,,,,,
3/29/2014 14:19:38,8R,No,15,,35.4954,121.06,36.9647,1.17435626817092,-1.25325791246594,-0.493515743585128,16.1105,124.078,23.4043,66.3926,-0.620884,-0.0252422,-0.783496,-28.2179,157.191,-40.0749,-0.541088,0.56148,-0.62607,-26.8217,197.783,0.531184,-0.998989,0.0218432,0.0392809,-42.878,125.084,69.3836,,,,,,,,,,,,
3/29/2014 14:21:02,3R,No,15,,40.2817,112.238,25.3048,0.745631506250802,-1.10369634542619,-0.148828530972017,25.1653,115.336,11.8886,64.0944,-0.453374,-0.369513,-0.811118,-9.11638,116.425,-60.5745,-0.462315,0.440403,-0.769617,-23.7175,171.411,-33.5498,-0.995089,-0.00263605,0.0989448,-35.8408,98.5686,43.9002,,,,,,,,,,,,
3/29/2014 14:24:05,10R,No,15,,25.8041,112.259,41.8306,0.031879257024678,-0.660051515368641,0.230713045135636,15.6516,160.923,21.3207,69.8895,-0.461875,0.667554,-0.58399,-32.9264,137.9,-36.7285,-0.32973,0.068441,-0.941591,-18.686,111.718,9.23592,,,,,,,,,,,,,,,,,,
3/29/2014 14:26:19,5R,No,15,,45.3595,125.824,19.5363,-0.015727289516688,-0.67845144962409,-0.500947576716611,39.4393,145.013,0.836919,58.2075,-0.784313,-0.508287,0.355664,-25.7234,147.992,-38.4709,,,,,,,,,,,,,,,,,,,,,,,,
3/29/2014 14:28:00,10R,No,15,,11.5014,108.684,57.4324,0.231879807504443,-0.383532695593877,0.522159659290702,33.0599,82.7239,27.3598,69.4512,-0.304124,-0.355623,-0.883765,-13.3141,108.503,-31.5409,-0.233226,0.0278472,-0.972024,16.4508,138.683,-16.0365,-0.169307,-0.710095,-0.683447,-32.1234,84.4506,-13.4996,,,,,,,,,,,,
3/29/2014 14:29:18,5R,No,15,,79.9876,162.897,14.0271,0.952487617439304,-1.19131918669524,2.67742115674802,83.9079,205.133,6.71033,88.7088,-0.507684,-0.102954,-0.85537,-7.84657,205.06,-58.9158,-0.99913,0.0146919,-0.0390273,1.22209,192.724,38.5799,,,,,,,,,,,,,,,,,,