Timestamp,Gesture,Control,Name,Score_knn,Score_knn_plus,Score_svm,Score_svm_plus,Hand_position_x,Hand_position_y,Hand_position_z,Hand_pitch,Hand_yaw,Hand_roll,Hand_sphere_x,Hand_sphere_y,Hand_sphere_z,Hand_sphere_r,finger0_direction_x,finger0_direction_y,finger0_direction_z,finger0_tip_x,finger0_tip_y,finger0_tip_z,finger1_direction_x,finger1_direction_y,finger1_direction_z,finger1_tip_x,finger1_tip_y,finger1_tip_z,finger2_direction_x,finger2_direction_y,finger2_direction_z,finger2_tip_x,finger2_tip_y,finger2_tip_z,finger3_direction_x,finger3_direction_y,finger3_direction_z,finger3_tip_x,finger3_tip_y,finger3_tip_z,finger4_direction_x,finger4_direction_y,finger4_direction_z,finger4_tip_x,finger4_tip_y,finger4_tip_z
3/3/2014 10:50:46,1,Yes,1,10,10,10,10,-8.04393,181.313,12.6996,0.155702336851667,-0.000130620110746,-0.30755722223932,-27.5168,126.654,-44.5714,86.7709,0.07132,0.263136,-0.962119,-2.28757,207.061,-81.1991,-0.139923,0.269338,-0.952827,-43.644,215.627,-71.2186,0.34553,0.182994,-0.920392,34.2616,189.751,-68.6897,0.602412,0.00745279,-0.79815,59.6682,165.118,-35.8315,-0.52773,0.383924,-0.757696,-75.038,202.093,-11.2457
3/3/2014 11:12:53,1,Yes,2,10,10,10,10,7.11845,143.743,42.7699,0.591103972210752,-0.082290753679905,-0.482709214574117,-57.5027,59.1387,-62.8663,155.31,0.0750139,0.360146,-0.929875,37.627,181.408,-53.4223,0.0454573,0.395995,-0.917127,8.05418,204.533,-53.0011,0.456127,0.237536,-0.857628,76.3966,142.578,-29.2542,-0.176352,0.525678,-0.832203,-35.0686,213.774,-27.4084,-0.356036,0.729265,-0.584303,-75.0012,168.908,60.0639
3/4/2014 12:45:44,1,Yes,4,10,10,10,10,27.7385,175.567,6.27932,1.02836617385577,-0.852477360946438,-0.647159102626934,147.685,325.942,36.069,204.121,-0.201905,0.647237,-0.735063,22.5138,220.098,-86.9885,-0.201221,0.708337,-0.676586,-5.59919,250.781,-79.9646,-0.250115,0.793198,-0.55523,-25.6541,261.927,-59.4588,-0.214352,0.87899,-0.425945,-39.8338,264.883,-23.8501,-0.44218,0.487826,0.752663,-51.9727,198.882,73.2331
3/4/2014 16:17:36,1,Yes,5,10,10,10,10,14.2222,114.687,18.5515,0.557768191290818,-0.863335783794067,-0.338395846758766,36.1688,206.903,9.84587,115.811,-0.174122,0.173326,-0.96935,6.51257,122.583,-72.1066,-0.591544,0.197059,-0.78182,-36.7555,139.791,-67.8616,-0.437032,0.346399,-0.830067,-54.2513,157.36,-54.695,-0.51806,0.596815,-0.61272,-68.4449,160.506,-21.6686,-0.797849,0.15267,0.583205,-51.9825,123.469,63.9898
3/11/2014 11:19:26,1,Yes,7,10,10,10,10,12.2133,117.712,47.9023,0.693734621429468,-0.491032124346145,-0.268530170717908,-13.7393,74.3925,0.052645,85.4616,-0.217977,0.338456,-0.915387,11.3389,158.611,-31.0189,-0.315925,0.192402,-0.929071,-16.7005,158.557,-27.996,0.12034,0.308514,-0.943577,48.7448,133.02,-22.2677,-0.518627,0.329967,-0.788763,-44.2529,162.341,4.44614,-0.863873,0.4925,-0.10567,-50.4014,104.057,72.0139
3/11/2014 11:20:25,1,Yes,7,10,10,10,10,2.85404,120.628,42.2891,0.687522749058075,-0.027312503267152,-0.14303718300947,-12.1636,56.4056,-43.7449,116.921,0.090738,0.318433,-0.943592,10.1673,169.684,-40.2922,0.186863,0.41222,-0.891715,38.8247,166.804,-30.915,-0.206146,0.350407,-0.913629,-32.4969,172.118,-22.5751,0.503107,0.362393,-0.784573,67.6014,138.05,-7.47747,-0.578056,0.397429,-0.712672,-77.9619,116.409,38.3377
3/17/2014 11:59:20,1,Yes,10,10,10,10,10,1.19225,192.079,35.3438,0.448818848427577,-0.071534897421206,-0.28496853164792,-19.0106,165.591,-24.0162,82.3409,-0.00341471,0.50751,-0.861639,3.85642,243.742,-53.179,0.25144,0.593142,-0.764827,43.3261,232.085,-40.3868,-0.263155,0.466778,-0.844315,-40.0626,245.942,-34.032,0.436559,0.300975,-0.847838,68.0337,192.899,-23.7993,-0.536091,0.692149,-0.483255,-82.635,210.042,29.9908
3/17/2014 11:59:52,1,Yes,10,10,10,10,10,3.80366,193.698,29.4383,0.3830531183512,-0.049759977714677,-0.441797504807292,-27.0664,172.185,-26.4964,82.9175,0.133351,0.361375,-0.922835,14.283,239.29,-61.9429,0.301958,0.349573,-0.886916,42.1115,217.892,-54.8143,-0.132448,0.523464,-0.84169,-26.5228,259.304,-40.8859,0.452002,0.114877,-0.884589,64.4415,177.644,-39.0673,-0.389575,0.854218,-0.3443,-76.7741,225.408,31.2089
3/19/2014 11:16:05,1,Yes,11,10,10,10,10,17.7069,95.4077,10.0603,0.531550144635662,-0.488189039988969,-0.190105209094855,3.18935,101.754,-24.8321,64.7826,-0.228304,0.348276,-0.909165,8.97728,140.413,-88.6174,-0.378125,0.243288,-0.893215,-26.1388,147.155,-81.3516,0.189164,0.22777,-0.955164,56.2168,113.361,-75.1204,-0.581405,0.301221,-0.7558,-61.861,141.237,-56.6839,-0.656389,0.252528,-0.710903,-63.8499,99.4745,1.95165
3/19/2014 12:06:23,1,Yes,12,10,10,10,10,45.2315,192.642,33.7963,0.344255450139967,-0.302794074112687,-0.583581872893222,38.7828,204.899,-4.85097,67.7951,0.0472935,0.181985,-0.982163,46.6209,204.091,-76.6379,0.057206,0.354828,-0.93318,27.9368,240.304,-72.8023,0.22679,-0.299874,-0.926629,67.3305,154.065,-59.2654,-0.215566,0.541555,-0.812557,1.45669,260.266,-47.4167,-0.616597,0.244886,-0.748224,-20.3757,236.015,37.3571
3/25/2014 10:55:24,1,Yes,13,10,10,10,10,5.71006,132.457,73.6128,0.136920190615576,-0.467119825091658,0.15310726820919,-0.12532,104.129,38.0768,70.5094,-0.223881,-0.157484,-0.961809,-7.50854,137.544,-33.8207,-0.222107,-0.0991345,-0.96997,-32.5422,142.25,-31.6325,0.179494,-0.180858,-0.966991,43.8445,123.548,-17.0126,-0.270147,-0.0812398,-0.959386,-55.3641,136.853,-10.4981,-0.972203,0.192548,0.13322,-77.7316,113.167,93.299
3/25/2014 10:57:12,1,Yes,13,10,10,10,10,-9.33083,126.942,32.8492,0.267272409110705,-0.696939604063113,-0.200536566063072,-14.95,114.927,16.3989,61.4386,-0.290302,-0.216224,-0.932187,-1.11701,111.441,-48.9053,-0.621886,-0.0555625,-0.781134,-48.9554,137.877,-39.9325,-0.516934,-0.0446199,-0.854862,-68.2567,145.387,-26.7876,-0.646007,0.0504842,-0.761661,-83.3788,143.054,4.84897,-0.854533,-0.0116486,0.519266,-69.1974,115.148,100.534
3/29/2014 14:04:48,1,No,15,10,10,10,7,15.8267,94.7656,3.72664,0.767252999893469,-0.563325620310148,-0.42755408020378,-7.03968,95.2417,-43.3493,70.4494,-0.314335,0.449651,-0.836066,4.44016,161.428,-88.2439,-0.302796,0.491278,-0.816676,-18.9419,171.502,-79.0872,-0.133272,0.429668,-0.893098,38.8565,142.767,-76.4219,-0.412383,0.52544,-0.744213,-46.8589,155.154,-53.3921,-0.889528,0.0321898,-0.455745,-58.6124,107.003,22.6578
5/6/2014 14:08:21,1,Yes,,10,10,10,10,12.8303,114.926,-17.8053,0.317303007815339,0.007194362946847,-0.087159040471781,10.1372,51.4181,-75.6912,94.2493,0.110395,-0.0262616,-0.993541,29.7564,138.8,-120.889,-0.155773,-0.0356071,-0.987151,-19.8212,131.531,-109.591,0.143682,0.0141877,-0.989522,54.2161,135.014,-109.386,0.338661,0.000303122,-0.940908,79.9175,113.512,-80.3283,-0.514154,0.135744,-0.846888,-73.1786,122.881,-23.1512
5/6/2014 14:08:30,1,Yes,,10,10,10,10,-6.63837,124.32,3.42081,0.297930585225856,-0.075899354555171,0.099961749051353,-2.87363,23.1064,-53.3577,125.351,0.0846289,-0.0415777,-0.995545,0.901321,146.312,-95.2493,0.129094,0.0197574,-0.991436,28.303,145.568,-83.9493,-0.214274,-0.0436358,-0.975798,-48.0264,134.581,-81.9227,0.354955,0.118631,-0.927326,59.44,133.627,-51.6285,-0.658729,0.176994,-0.731265,-87.446,115.182,-4.10058
5/6/2014 14:14:25,1,Yes,,10,10,10,10,-14.825,126.299,7.64492,0.309810481726288,0.072465489431918,-0.160220694875434,-30.9249,34.5521,-40.2401,117.821,0.135107,-0.166856,-0.976681,4.04415,139.366,-90.1656,-0.048588,-0.220322,-0.974216,-39.9127,139.392,-80.8295,0.144733,-0.0653369,-0.987311,25.2419,139.106,-78.1654,0.345232,-0.0561275,-0.936838,51.0236,121.574,-46.8757,-0.4631,0.368406,-0.806112,-93.6294,141.587,4.07251
5/6/2014 14:14:28,1,Yes,,10,10,10,10,-10.6221,124.104,17.4355,0.356911793420312,0.005895972731127,-0.026306696246523,-18.1436,38.1209,-35.1945,114.354,0.131747,-0.0337768,-0.990708,4.55914,146.978,-78.8199,-0.0889597,-0.0639967,-0.993977,-41.4533,140.726,-68.8695,0.135057,0.0280965,-0.990439,26.1901,146.473,-66.7838,0.329908,0.0832083,-0.940339,54.2205,129.385,-37.0605,-0.412036,0.273687,-0.869093,-89.6859,130.88,15.3533
5/6/2014 14:14:42,1,Yes,,10,10,10,10,5.1404,134.127,14.3125,0.348140293158775,-0.089751110377983,-0.153045583071957,1.79292,106.657,-25.0956,62.261,-0.0323644,-0.029882,-0.999029,6.61886,145.891,-85.4935,0.0384571,0.128962,-0.990904,33.5566,145.23,-77.3648,-0.26773,0.109216,-0.957284,-37.8185,139.607,-67.141,0.18656,0.170241,-0.967581,69.0336,128.346,-49.3106,-0.719397,0.0832843,-0.689588,-77.2004,131.319,35.2634
5/6/2014 14:14:45,1,Yes,,10,10,10,10,4.8726,130.477,19.1059,0.338016029135363,-0.170283844153436,0.004826566701847,-6.00137,46.0212,-29.8157,109.78,-0.0455465,-0.152032,-0.987326,4.22851,148.444,-79.6803,-0.0235666,-0.0975253,-0.994954,29.6985,145.125,-72.5724,-0.248713,-0.211254,-0.945258,-39.2701,142.154,-61.251,0.192558,-0.0546316,-0.979764,61.96,128.981,-46.9631,-0.739449,0.0708621,-0.669473,-77.6481,118.225,30.7311
5/6/2014 14:14:54,1,Yes,,10,10,10,10,10.6338,132.178,23.2652,0.362146280705481,-0.023823983468601,-0.117813549760633,3.0191,54.5081,-28.0789,104.84,0.0553961,-0.111724,-0.992194,21.1874,152.615,-75.6437,0.072333,-0.0739588,-0.994635,45.5658,147.435,-66.7283,-0.140057,-0.204098,-0.96888,-23.4405,143.969,-62.5951,0.297247,-0.0268634,-0.954423,75.5772,129.009,-38.3742,-0.727288,0.324278,-0.604894,-78.8417,136.953,22.3886
5/6/2014 14:14:58,1,Yes,,10,10,10,10,5.36311,136.097,12.181,0.374833067367836,-0.039411675747121,2.85198921243321,-32.31,41.865,-49.1922,127.728,-0.0137701,-0.0750179,-0.997087,12.0299,158.986,-88.3268,0.0148869,-0.020644,-0.999676,35.2262,148.199,-81.0851,-0.215399,-0.0458533,-0.975449,-31.8089,163.037,-71.7528,0.273681,-0.0300374,-0.961351,64.5796,123.836,-54.3293,-0.692041,0.370237,-0.619681,-82.9588,151.769,13.8004
5/6/2014 14:15:10,1,Yes,,10,10,10,10,11.8911,133.4,9.54735,0.210659432640838,0.050294343767721,-0.477024928572188,-39.9881,35.416,-43.6856,130.143,0.0653471,-0.132911,-0.988971,25.9486,140.769,-92.5791,0.139089,-0.0449177,-0.989261,48.952,129.788,-82.931,-0.166419,-0.039531,-0.985262,-18.8701,155.303,-78.9602,0.350957,-0.135184,-0.926582,71.3418,103.77,-51.4701,-0.570231,0.491295,-0.658381,-70.6081,173.271,9.44567
5/6/2014 14:15:05,1,Yes,,10,10,10,10,-2.99995,136.046,11.2504,0.343164385622979,0.079611116988124,-0.134901847808152,-13.7501,59.3424,-37.4326,105.496,0.132171,-0.120945,-0.983821,15.1103,154.166,-84.6715,-0.0459794,-0.228219,-0.972524,-28.8448,148.59,-75.6954,0.157457,-0.0486571,-0.986326,38.6594,151.508,-73.2755,0.388289,-0.0148601,-0.921418,64.7724,133.016,-42.4035,-0.509876,0.20693,-0.834989,-78.1991,149.129,-12.132
3/3/2014 10:49:37,2,Yes,1,10,10,8,9,-5.7955,200.964,16.8745,0.133088628557196,-0.245573218096804,-0.040181601116919,-19.6083,184.851,-27.57,54.9991,0.119267,-0.0480706,-0.991698,-2.94872,207.779,-84.961,-0.370799,-0.0151923,-0.928589,-66.2143,207.694,-67.9064,,,,,,,,,,,,,,,,,,
3/3/2014 10:54:35,2,Yes,1,10,10,8,9,17.418,195.57,18.7065,0.033719615859504,-0.699828434690099,-0.014220848253852,-7.9639,175.924,-10.0409,56.2986,-0.308583,-0.234384,-0.921868,-27.614,189.121,-74.3648,-0.687798,-0.132692,-0.713671,-75.5421,192.821,-35.6939,,,,,,,,,,,,,,,,,,
3/3/2014 11:12:42,2,Yes,2,10,10,9,9,19.3745,126.292,64.8701,0.78953253744979,-0.303149716768528,-0.406026855754868,19.9098,152.812,42.5499,56.5927,0.124311,0.330711,-0.935509,22.6437,187.978,-15.044,-0.323895,0.491624,-0.80833,-37.3594,186.613,7.31898,,,,,,,,,,,,,,,,,,
3/4/2014 12:52:25,2,Yes,4,10,10,10,10,30.1035,209.422,35.1473,0.60785884178018,-0.336054185031445,-0.311524185262486,24.2368,241.448,7.14327,58.677,0.0228804,0.329503,-0.943877,25.1601,274.764,-49.4736,-0.195618,0.586667,-0.785847,-26.7918,274.575,-30.8603,,,,,,,,,,,,,,,,,,
3/4/2014 16:20:16,2,Yes,5,10,10,8,9,39.3737,126.58,35.1513,0.497436303398747,-0.714098050084241,-0.303430017332884,38.4635,180.977,28.178,73.2405,-0.251583,0.210496,-0.944668,-1.94327,176.912,-38.1997,-0.403193,0.416456,-0.814862,-34.7852,170.75,-9.06518,,,,,,,,,,,,,,,,,,
3/5/2014 13:23:20,2,Yes,6,10,10,9,9,42.8713,217.258,46.913,0.654864097067768,-0.295942017437962,-0.266539628429637,40.7178,256.494,27.9345,61.8417,-0.0114795,0.456338,-0.889733,47.0338,279.098,-36.7301,-0.345318,0.370629,-0.8622,-8.64725,280.529,-21.6602,,,,,,,,,,,,,,,,,,
3/5/2014 13:24:06,2,Yes,6,10,10,10,10,40.1268,228.714,23.4286,0.592206392324358,-0.425744250835434,-0.188246283627846,32.0886,252.536,-7.97941,54.1426,-0.00484925,0.496945,-0.867768,25.8893,283.506,-59.6576,-0.416646,0.292895,-0.860592,-18.6328,274.858,-44.7893,,,,,,,,,,,,,,,,,,
3/11/2014 11:24:11,2,Yes,7,10,10,10,10,1.5566,141.014,38.2327,0.413644876816703,-0.325047097084677,-0.184414794307951,-3.92206,151.197,-4.46621,50.7857,0.110441,0.22529,-0.968012,-2.37923,189.68,-52.9766,-0.316659,0.201757,-0.926834,-51.9955,175.345,-36.7379,,,,,,,,,,,,,,,,,,
3/11/2014 11:25:10,2,Yes,7,10,10,8,9,3.95945,141.532,35.826,0.528616431196605,-0.029635804286751,-0.139651600053602,3.3229,171.578,2.08611,52.0347,0.15225,0.560147,-0.814282,9.08476,201.541,-49.8006,-0.289093,0.35036,-0.890883,-47.6204,189.62,-36.3592,,,,,,,,,,,,,,,,,,
3/17/2014 11:41:35,2,Yes,9,3,6,8,9,-0.919501,121.072,20.4445,0.141867203338458,-0.027874792380932,0.128824739031546,-6.19566,150.32,-22.1009,55.3995,0.318114,0.334273,-0.887167,26.4709,164.037,-83.5915,-0.362679,0.332657,-0.870519,-44.6998,172.552,-71.9084,,,,,,,,,,,,,,,,,,
3/17/2014 11:42:11,2,Yes,9,10,10,9,10,10.0053,156.153,36.9521,0.452705358655011,-0.229595426473864,-0.101921144935455,3.49712,168.756,-8.44688,53.2548,0.0758545,0.33694,-0.938466,16.129,202.335,-61.0622,-0.465356,0.339539,-0.817409,-44.8826,200.371,-45.1685,,,,,,,,,,,,,,,,,,
3/17/2014 11:55:11,2,Yes,10,6,6,10,9,12.5353,221.808,50.8931,0.190161158962106,0.001379008528361,-0.155802132274945,10.5076,233.139,-1.11231,51.8055,0.284305,0.475175,-0.832694,33.0453,268.274,-47.6927,-0.0041383,-0.726964,-0.686663,-12.8518,181.087,-18.9431,,,,,,,,,,,,,,,,,,
3/17/2014 11:55:50,2,Yes,10,10,10,7,9,13.7417,231.69,49.1816,0.705150673873012,-0.72261832616985,-0.24983647658309,18.2767,274.828,50.0539,70.4214,0.265054,0.728253,-0.631977,37.2742,294.227,-26.1338,-0.205803,0.674472,-0.709036,-28.5683,300.212,-13.7228,,,,,,,,,,,,,,,,,,
3/19/2014 11:22:44,2,Yes,11,6,10,8,9,21.3089,117.847,45.375,0.777663111377195,-0.379606500710838,-0.15016982822404,9.50222,170.206,35.5704,71.2271,-0.291413,-0.568529,-0.76932,11.8043,147.572,-46.343,-0.245776,0.710289,-0.659609,-33.3637,220.822,-14.8435,,,,,,,,,,,,,,,,,,
3/19/2014 12:07:57,2,Yes,12,10,10,10,10,55.1508,230.266,38.3842,0.612964327604743,-0.11140724693931,-0.113195951513532,53.716,261.038,1.23653,52.3429,0.127435,0.243618,-0.961463,66.8653,288.785,-50.1922,-0.115029,0.468867,-0.875746,21.6204,294.069,-46.0971,,,,,,,,,,,,,,,,,,
3/19/2014 12:08:49,2,Yes,12,10,10,10,10,42.8899,194.6,1.21193,0.443464159587798,-0.077116241181817,-0.089753372068671,41.574,224.868,-36.8761,54.0222,0.137709,0.094942,-0.985912,56.1069,244.62,-94.7613,-0.108966,0.325846,-0.939122,12.5492,249.829,-89.6319,,,,,,,,,,,,,,,,,,
3/25/2014 10:59:46,2,Yes,13,6,6,5,7,63.6237,148.904,52.0035,1.00000236893046,-0.899667497473879,2.49591267081344,38.6664,146.359,28.304,67.09,-0.447163,0.119643,-0.886414,6.89044,205.707,-11.7693,-0.523136,0.294259,-0.799838,-17.1392,201.497,20.8856,,,,,,,,,,,,,,,,,,
3/25/2014 11:00:38,2,Yes,13,10,10,8,9,49.4387,125.183,52.8605,0.365770752862927,-0.682701142019178,-0.252568590941132,39.3224,137.029,27.0758,57.1746,-0.337996,-0.0665816,-0.938789,6.35134,149.174,-33.0655,-0.532025,-0.0237728,-0.846395,-29.0864,145.73,2.24002,,,,,,,,,,,,,,,,,,
3/26/2014 12:16:34,2,Yes,14,10,10,9,10,-3.18324,155.724,63.1842,0.884946760097068,-0.493907345602679,-0.082299959303568,-17.0739,170.276,27.2454,55.4418,-0.0950304,0.484398,-0.869671,-14.9463,224.722,-11.0699,-0.370877,0.550089,-0.748233,-57.8552,219.602,11.1435,,,,,,,,,,,,,,,,,,
3/26/2014 12:17:15,2,Yes,14,10,10,9,10,21.1105,137.517,39.0875,0.862050390955643,-0.197546617835632,-0.121765024085572,16.2899,173.589,26.2111,56.955,0.123267,0.483173,-0.866804,31.5137,210.761,-32.096,-0.193086,0.719259,-0.667372,-17.9988,219.091,-12.9378,,,,,,,,,,,,,,,,,,
5/6/2014 14:18:26,2,Yes,,6,6,5,6,4.35763,161.092,32.1751,0.438199889267615,-0.112554864441498,0.093427050309014,10.4607,182.199,1.27882,57.5113,0.296039,-0.141502,-0.944637,31.4112,166.196,-62.2664,-0.218274,0.207924,-0.95348,-34.7919,188.051,-52.3413,,,,,,,,,,,,,,,,,,
5/6/2014 14:18:31,2,Yes,,10,10,7,8,-1.24414,190.982,37.633,0.274416804391146,-0.055640007580103,0.151611171957672,-3.65049,189.235,-5.35898,53.5811,0.287913,-0.0804221,-0.954274,25.0076,206.436,-59.4674,-0.2199,0.256441,-0.941213,-40.3921,225.238,-48.6883,,,,,,,,,,,,,,,,,,
5/6/2014 14:18:45,2,Yes,,10,10,8,9,2.52578,176.638,35.955,0.196170066902121,-0.016454225292497,0.030011092794057,-5.6706,181.665,-8.04847,54.4915,0.203618,-0.192346,-0.95997,26.8705,188.233,-63.995,-0.140603,0.304991,-0.941919,-26.6054,227.719,-51.2433,,,,,,,,,,,,,,,,,,
5/6/2014 14:18:41,2,Yes,,10,10,7,8,9.49188,159.304,42.7446,0.289578385835557,-0.004015381865159,0.001143731051858,1.30229,159.195,0.556993,54.939,0.238763,-0.218299,-0.946223,36.9384,167.15,-53.7395,-0.141004,0.297824,-0.94415,-19.6753,207.278,-42.4334,,,,,,,,,,,,,,,,,,
3/3/2014 10:51:25,3,Yes,1,6,3,4,4,2.5439,188.011,14.2883,0.078300219173281,-0.447276064090819,0.090120487520282,-5.95507,137.9,-27.2409,63.7846,0.205012,-0.331619,-0.920869,19.1105,175.415,-88.025,-0.251199,-0.193899,-0.948316,-42.5846,184.751,-81.0367,-0.728639,0.0563321,-0.682577,-68.1119,171.75,-15.3723,,,,,,,,,,,,
3/3/2014 11:13:34,3,Yes,2,6,6,7,7,36.0222,142.805,54.1234,0.449226504183641,-0.223347935536882,0.141898324295489,11.2219,180.956,28.3913,62.0214,0.145627,0.277489,-0.949628,42.222,210.322,-38.2041,-0.343194,-0.563337,-0.751578,-31.1477,128.306,11.9361,0.020701,0.104936,-0.994263,49.7975,151.377,17.8578,,,,,,,,,,,,
3/4/2014 12:53:12,3,Yes,4,10,10,8,10,19.9144,226.851,43.1682,0.900233497320218,-0.710719960719662,-0.215247863426741,15.13,264.308,23.0202,67.0697,0.0717823,0.122824,-0.989829,31.4295,306.246,-36.7939,-0.109654,0.795322,-0.596187,-16.0008,316.819,-9.09432,-0.80068,0.417455,-0.4297,-72.2803,248.371,39.5524,,,,,,,,,,,,
3/4/2014 12:54:13,3,Yes,4,6,6,4,7,11.0896,255.052,4.16833,0.707900580960882,-0.717888038848342,-0.030213840605031,-2.72569,280.148,-19.7612,65.3106,0.0913251,0.357738,-0.929346,17.0174,327.943,-81.2802,-0.240859,0.76191,-0.601233,-39.0392,329.981,-58.6868,-0.497551,0.363283,0.787698,-81.6489,260.306,-0.589672,,,,,,,,,,,,
3/4/2014 16:22:22,3,Yes,5,3,3,4,7,34.6709,94.4346,32.555,0.209153681777898,-1.01661345617106,3.12020936352232,36.4298,163.345,28.0575,92.3934,-0.379467,0.140821,-0.914426,-7.6963,115.907,-55.057,-0.567962,0.376942,-0.731665,-36.378,121.423,-23.3349,-0.991309,0.0370303,-0.126233,-31.485,88.4803,57.6588,,,,,,,,,,,,
3/5/2014 13:25:06,3,Yes,6,10,10,7,7,32.4786,232.297,17.2324,0.887160117360226,-0.696730781126541,-0.259670011098158,21.0213,256.164,-6.59484,60.8273,0.135022,0.258662,-0.956485,44.152,289.88,-65.9426,-0.169346,0.727229,-0.665176,-4.59249,312.91,-34.5895,-0.66464,0.519109,-0.537382,-47.5005,252.325,11.7995,,,,,,,,,,,,
3/5/2014 13:25:40,3,Yes,6,10,10,7,10,47.1428,250.341,32.3511,1.17426154830271,-0.766480185602595,-0.556648660446727,35.0621,269.224,9.71384,63.8289,-0.0122771,-0.120945,-0.992583,65.6113,315.162,-34.6218,-0.190149,0.7853,-0.589192,21.4513,339.656,-1.47564,-0.973436,0.163189,-0.160596,-24.3891,284.404,37.3792,,,,,,,,,,,,
3/11/2014 11:27:06,3,Yes,7,10,10,7,7,5.26309,120.316,30.8775,0.550656053063685,-0.54622633631154,0.078946748401611,-2.28706,136.195,-6.72785,54.1767,0.151396,0.236662,-0.959724,16.9046,175.374,-58.4962,-0.211536,0.473841,-0.854826,-31.8143,182.056,-38.6771,-0.601327,-0.203264,-0.772716,-65.8851,108.802,7.4481,,,,,,,,,,,,
3/12/2014 12:55:43,3,Yes,8,6,6,8,10,7.17254,169.183,43.702,0.467490995632784,-0.379954482339741,0.035396151577848,-1.66075,183.488,1.02799,55.2642,0.408912,0.165617,-0.897419,38.5253,218.554,-41.7741,-0.121827,0.588162,-0.799515,-22.0167,244.984,-27.0347,-0.715527,0.162462,-0.679432,-65.2029,167.275,0.231871,,,,,,,,,,,,
3/12/2014 12:56:20,3,Yes,8,10,6,7,9,4.52177,138.845,35.5145,0.503088216560849,-0.568496164443128,0.008266292896314,-4.98595,152.718,4.94769,56.509,0.329983,0.34129,-0.880132,20.4246,190.062,-48.594,-0.237531,0.55426,-0.797731,-41.4954,198.19,-34.4534,-0.999792,0.0186339,0.00826661,-74.8013,142.151,15.6387,,,,,,,,,,,,
3/17/2014 11:46:05,3,Yes,9,3,3,5,7,10.4905,154.285,66.9405,1.08383707442666,0.579075413405176,0.531272089156589,-17.3861,242.257,110.933,111.055,-0.287106,0.751899,-0.593479,-26.5095,232.884,-4.70569,0.276368,0.816765,-0.506474,41.7929,237.558,12.7619,0.426978,0.900944,0.0773921,83.0596,196.11,80.7144,,,,,,,,,,,,
3/17/2014 11:47:36,3,Yes,9,6,6,7,7,8.16183,126.691,25.8308,0.496567085740254,-0.402893965319315,0.009296557058073,11.6749,153.789,-3.4025,59.0326,0.372782,0.297415,-0.878964,47.3053,162.245,-68.0802,-0.232147,0.442933,-0.865978,-18.9222,178.741,-60.017,-0.71122,0.220584,-0.667465,-77.1906,132.029,1.31985,,,,,,,,,,,,
3/17/2014 12:00:05,3,Yes,10,6,6,8,9,14.8276,194.393,34.3824,0.4683981945589,-0.288353274084508,-0.267966628976213,1.25075,199.085,-16.6533,61.1219,0.359785,0.0556999,-0.931371,57.3678,212.844,-60.904,-0.0873773,0.536903,-0.839107,-0.234669,262.488,-44.349,-0.665888,0.416946,-0.618667,-64.0643,219.761,3.41227,,,,,,,,,,,,
3/19/2014 12:09:28,3,Yes,12,6,6,6,6,15.206,233.875,73.9318,0.569172945390255,-0.321481985608426,0.078898540324533,9.77968,241.185,23.269,60.3233,0.30462,0.0551463,-0.950876,48.7807,281.148,-15.1562,-0.10687,0.457059,-0.882993,-8.05341,306.734,-4.7028,-0.693911,0.0915566,-0.714217,-53.997,236.721,25.9626,,,,,,,,,,,,
3/19/2014 12:09:50,3,Yes,12,6,6,8,8,14.4698,206.965,60.8357,0.397275011787339,-0.405743602045719,0.074511921333289,2.34529,201.727,9.78402,63.0404,0.330911,0.0102817,-0.943606,46.5155,235.256,-39.1232,-0.156765,0.532992,-0.831471,-13.1957,268.339,-23.9625,-0.535201,-0.0522104,-0.84311,-69.3523,208.563,36.2731,,,,,,,,,,,,
3/25/2014 11:01:11,3,Yes,13,3,6,7,8,57.6965,143.903,66.3606,1.17065587107961,-1.36541348158264,3.00807519393279,38.9822,152.722,59.6303,74.3272,-0.299664,-0.215582,-0.929368,1.7733,172.606,-16.4963,-0.575195,0.390166,-0.718973,-34.8966,204.764,25.7385,-0.829008,-0.311338,0.464558,-30.1987,120.486,75.2177,,,,,,,,,,,,
3/25/2014 11:01:36,3,Yes,13,3,3,5,7,70.3094,142.284,60.9705,1.33447760880131,-1.36357451211012,-0.52316293193462,56.5855,149.164,51.4411,72.9199,-0.363489,-0.18629,-0.912782,23.0589,165.214,-18.5782,-0.39528,0.538655,-0.744046,1.41237,211.808,23.4034,-0.934052,-0.0855346,0.346744,-25.3904,133.383,80.9774,,,,,,,,,,,,
3/29/2014 14:17:59,3,No,15,3,3,6,9,40.6805,117.65,26.5928,1.15559859754162,-1.20957085611078,-0.418281988878398,25.7697,124.859,14.6293,64.5483,-0.500401,-0.10824,-0.859001,-8.23791,150.078,-53.2534,-0.36373,0.581378,-0.727805,-12.0408,199.265,-14.9953,-0.999419,0.0228803,-0.0252749,-44.9644,109.005,38.592,,,,,,,,,,,,
3/29/2014 14:21:02,3,No,15,3,3,4,7,40.2817,112.238,25.3048,0.745631506250802,-1.10369634542619,-0.148828530972017,25.1653,115.336,11.8886,64.0944,-0.453374,-0.369513,-0.811118,-9.11638,116.425,-60.5745,-0.462315,0.440403,-0.769617,-23.7175,171.411,-33.5498,-0.995089,-0.00263605,0.0989448,-35.8408,98.5686,43.9002,,,,,,,,,,,,
5/6/2014 14:47:12,3,Yes,,10,10,7,9,18.7289,133.087,41.5432,0.457736384709481,-0.445299674638882,-0.069596739380176,-1.5691,79.4037,-16.9228,92.1483,0.286077,-0.398836,-0.871258,56.7914,142.9,-51.973,-0.210449,0.152152,-0.965692,-12.095,173.149,-45.7899,-0.757297,0.0947815,-0.646156,-63.8432,117.466,34.3215,,,,,,,,,,,,
5/6/2014 14:47:19,3,Yes,,10,10,6,7,18.4343,158.802,40.2781,0.203704523298955,-0.415881080344669,0.105846090783398,5.06877,132.96,-0.387755,66.8896,-0.235892,0.151441,-0.959907,-15.1969,191.179,-56.7718,0.350328,-0.564234,-0.747603,54.656,145.341,-49.2154,-0.754919,-0.056698,-0.653362,-66.5015,142.714,13.0595,,,,,,,,,,,,
5/6/2014 14:47:35,3,Yes,,10,10,7,8,24.9587,151.32,22.112,0.332986052344236,-0.459616345064275,-0.031842637404838,8.35613,121.633,-26.5386,70.0886,0.270194,-0.326995,-0.905577,55.8975,154.77,-77.2287,-0.285322,0.234335,-0.929343,-11.4954,190.721,-67.9607,-0.762956,0.126522,-0.633948,-61.8429,144.228,4.11121,,,,,,,,,,,,
5/6/2014 14:47:40,3,Yes,,10,10,7,8,14.4205,153.517,32.8512,0.268795287712881,-0.424251089994772,0.036458733614835,0.527824,135.372,-12.4132,64.7807,0.272657,-0.433335,-0.858999,49.2978,149.188,-64.1684,-0.230383,0.298386,-0.926223,-17.7491,198.859,-58.3435,-0.585175,0.0923518,-0.805631,-68.9923,140.801,16.3272,,,,,,,,,,,,
3/3/2014 10:52:10,4,Yes,1,6,6,7,7,-9.58644,195.815,12.7638,0.010043997130827,-0.497453983539574,0.104335045814219,-19.9174,158.495,-22.7611,62.274,0.0494665,-0.589717,-0.806094,-0.895547,167.794,-86.0842,-0.141324,-0.501594,-0.853482,-48.3573,185.421,-83.0512,-0.689008,-0.148938,-0.709285,-78.0508,174.845,-13.2759,,,,,,,,,,,,
3/4/2014 12:48:50,4,Yes,4,3,3,8,7,13.5268,250.686,1.82828,0.084453076891207,-0.441599649007884,-0.051129415349804,-0.874615,254.733,-27.4776,72.2281,-0.143197,-0.0183349,-0.989524,-25.5748,268.054,-104.896,-0.0851122,-0.328765,-0.940569,6.87226,191.674,-81.1877,-0.468533,0.517348,-0.71612,-78.0673,288.41,-63.6964,,,,,,,,,,,,
3/4/2014 16:18:25,4,Yes,5,10,10,10,9,43.5644,135.909,18.6927,1.11733723052389,-1.39944185316435,-0.256172262183385,26.6136,72.9935,-0.603976,96.3151,-0.527019,-0.506082,-0.682738,-28.5464,146.916,-44.2653,-0.693284,-0.124057,-0.709906,-48.6204,155.472,-10.5664,-0.998967,-0.0138766,0.0432718,-23.9533,124.844,49.3853,,,,,,,,,,,,
3/4/2014 16:19:12,4,Yes,5,10,10,9,9,43.1123,133.274,25.7193,0.795103397731123,-1.27130022811506,-0.140963197072665,33.9954,104.483,7.33429,76.6361,-0.417634,-0.544567,-0.727344,-19.4451,141.876,-51.6569,-0.671283,-0.0997843,-0.734454,-51.3722,154.724,-14.349,-0.646025,-0.217579,-0.731649,-24.7793,119.764,45.2722,,,,,,,,,,,,
3/5/2014 13:20:12,4,Yes,6,10,10,10,8,20.5334,223.235,49.1077,0.746511679556972,-0.502645590196093,-0.121661134110104,1.24319,233.212,10.3244,62.8778,-0.214127,-0.623755,-0.751717,27.6723,250.759,-42.3984,-0.177395,-0.0538112,-0.982668,-10.4836,289.899,-37.9816,-0.614705,0.228731,-0.754864,-62.7326,244.736,3.8154,,,,,,,,,,,,
3/5/2014 13:21:09,4,Yes,6,0,0,7,4,25.7381,253.293,48.7528,1.18786217064269,-0.706060149951889,2.68627218597061,16.2113,307.573,43.1257,61.0705,-0.230512,0.157571,-0.960227,33.8037,334.272,-15.3374,-0.419822,0.806692,-0.415929,-44.9567,298.577,24.3156,-0.108215,0.50748,-0.854841,3.08229,368.469,24.7297,,,,,,,,,,,,
3/12/2014 12:48:38,4,Yes,8,6,6,5,5,2.17201,92.8737,41.8384,0.716002658636724,-0.144706869963271,0.367978321162962,0.408085,93.3001,21.5451,59.0604,0.032475,0.126596,-0.991423,26.3304,130.79,-22.841,0.0417924,0.526705,-0.84902,-1.01779,154.408,-18.8074,-0.263422,0.382678,-0.885532,-41.3582,139.656,-15.4793,,,,,,,,,,,,
3/17/2014 11:42:56,4,Yes,9,10,10,10,10,7.68585,164.35,56.4187,0.416748009787993,-0.821251432692031,0.135392338972509,-0.56598,142.746,19.9387,62.485,-0.0346189,-0.676281,-0.73583,1.29795,158.161,-41.7435,-0.297742,-0.46456,-0.833987,-55.0746,170.353,-26.1442,-0.351926,-0.348634,-0.868679,-44.4921,133.864,37.3553,,,,,,,,,,,,
3/17/2014 11:43:37,4,Yes,9,10,10,9,9,7.4666,142.568,34.5463,0.537474979526504,-0.886765536401165,0.07465688602182,0.181942,122.483,1.3861,64.6634,-0.0767636,-0.593641,-0.80106,-1.55055,148.457,-60.5413,-0.326001,-0.439114,-0.837199,-54.8302,154.978,-40.4145,-0.492114,-0.36126,-0.792032,-49.6869,111.575,22.6927,,,,,,,,,,,,
3/17/2014 11:57:17,4,Yes,10,3,3,2,3,12.196,243.81,42.1,0.320887114233547,-0.426766443609719,0.089864402358126,-0.158632,231.743,-7.77856,62.3757,0.320096,-0.0556133,-0.945751,42.3004,265.669,-53.6929,-0.235549,0.260841,-0.936204,-26.0192,289.969,-44.2994,-0.721498,0.0845089,-0.68724,-69.107,235.218,7.91515,,,,,,,,,,,,
3/19/2014 11:20:28,4,Yes,11,6,10,3,4,-20.4095,186.651,17.6632,0.897805334596388,-0.995296337960866,0.053284517038059,-32.9963,195.318,-8.64081,57.138,-0.197283,0.303581,-0.932158,-39.9042,245.921,-55.32,-0.455381,0.319779,-0.830884,-77.9868,240.083,-37.2993,-0.509382,-0.0340846,-0.859865,-97.0841,179.119,-0.107685,,,,,,,,,,,,
3/19/2014 12:06:48,4,Yes,12,6,6,4,4,11.2536,154.438,-2.58033,-0.178613032342835,-0.76713440330487,0.106041844621772,-0.075388,93.0369,-22.2159,80.8818,-0.110638,-0.644307,-0.756721,3.42295,123.551,-102.494,-0.547574,-0.33152,-0.768282,-53.7244,140.854,-79.5776,-0.999358,-0.012891,-0.0334249,-62.6964,135.579,13.6666,,,,,,,,,,,,
3/19/2014 12:07:09,4,Yes,12,6,6,7,6,9.53321,179.33,6.75595,-0.084721396755387,-0.617889369531932,0.0522762850728,-7.38643,135.894,-21.7093,68.8152,-0.00455542,-0.774992,-0.631954,13.5272,136.472,-93.8284,-0.412041,-0.301913,-0.859692,-44.3387,171.94,-88.1759,-0.999447,0.0201064,0.0264801,-71.3348,168.565,5.32658,,,,,,,,,,,,
3/25/2014 10:58:03,4,Yes,13,10,10,10,9,63.0056,160.706,82.4133,1.03429958485813,-1.28522127876168,-0.1392649564055,47.1292,145.061,63.8351,71.6247,-0.227009,-0.561521,-0.795714,19.3838,171.986,3.06591,-0.385085,-0.174436,-0.906246,-16.0692,199.603,27.0705,-0.927588,-0.15259,0.341023,-23.1957,135.476,84.3585,,,,,,,,,,,,
3/25/2014 10:58:33,4,Yes,13,10,10,9,9,41.9809,131.198,83.9252,1.02483660044825,-1.19294604017345,-0.144600423259103,34.5434,121.108,60.4987,69.6625,-0.304225,-0.43743,-0.846228,5.85823,153.414,5.7596,-0.387099,-0.274273,-0.8803,-21.3698,174.283,33.7513,-0.999625,-0.0185806,0.0201347,-40.9454,119.962,77.5973,,,,,,,,,,,,
3/26/2014 12:14:50,4,Yes,14,6,6,8,7,-12.6451,193.795,23.3721,-0.173049821304758,-0.941325983579174,0.413139097849673,-31.5647,186.278,-2.00249,56.9015,-0.225331,-0.604329,-0.764207,-59.1576,176.514,-64.8375,-0.384044,-0.488041,-0.783789,-94.7687,192.732,-37.1742,-0.958003,-0.0601995,-0.28037,-73.78,157.474,6.80093,,,,,,,,,,,,
3/26/2014 12:15:22,4,Yes,14,3,3,8,7,21.4867,155.214,28.6198,0.237932843521152,-0.711262753631142,-2.96248258029607,4.66366,182.436,9.11924,69.9937,-0.194812,-0.717944,-0.668285,-23.913,123.678,-52.3308,-0.487327,-0.318737,-0.812969,-69.4604,155.858,-23.1423,0.248363,-0.619392,-0.744761,15.4595,150.553,-10.2062,,,,,,,,,,,,
3/29/2014 14:10:40,4,No,15,3,3,7,7,33.6708,166.259,-4.3759,0.392884321586629,-0.438568451645046,0.428272490498586,45.5431,122.51,-47.2869,86.0331,-0.404002,-0.108592,-0.90829,4.96695,186.102,-96.3257,-0.28643,-0.22552,-0.931181,40.5226,198.395,-79.0722,-0.117824,0.198645,-0.972963,-27.1125,168.613,-78.8837,,,,,,,,,,,,
5/6/2014 14:58:00,4,Yes,,10,10,8,8,23.4539,168.678,48.1587,0.063815559212209,-0.474876689709642,0.200001909576082,14.4492,140.095,21.4538,62.9087,0.072664,-0.615978,-0.784405,-0.446052,166.432,-40.9713,0.0749339,-0.870362,-0.486677,43.366,144.996,-30.6149,-0.595935,-0.338513,-0.728196,-49.8767,136.576,30.6204,,,,,,,,,,,,
5/6/2014 14:58:07,4,Yes,,10,10,9,9,16.8377,172.245,51.4584,-0.042390322453029,-0.560015962986732,0.33091918829265,9.6029,145.365,26.3464,62.0262,0.0822055,-0.663204,-0.74391,-13.4723,165.974,-36.9769,0.119194,-0.857721,-0.500107,31.4744,143.924,-31.4565,-0.819333,-0.235684,-0.522634,-53.0722,132.753,35.3232,,,,,,,,,,,,
5/6/2014 14:58:25,4,Yes,,10,10,8,8,13.0514,151.298,47.9553,0.10570125385834,-0.475458216083285,0.214278884356437,5.2728,119.265,18.0126,67.6753,-0.0063835,-0.529089,-0.848542,-12.5249,157.218,-41.8261,0.0693506,-0.754856,-0.652214,36.2233,138.169,-41.3611,-0.873701,-0.0668105,-0.481854,-62.9454,119.372,37.3219,,,,,,,,,,,,
5/6/2014 14:58:29,4,Yes,,10,10,7,7,15.1098,174.884,37.6197,0.018895662282058,-0.493869702181687,0.241501260860181,5.97911,143.712,7.16423,65.3652,-0.073362,-0.500209,-0.862792,-18.2868,177.199,-53.5393,0.109446,-0.759622,-0.641089,33.6563,156.588,-52.2808,-0.538182,-0.410599,-0.73605,-56.2531,139.061,26.4765,,,,,,,,,,,,
3/4/2014 12:56:26,5,Yes,4,6,10,4,6,4.97779,258.991,41.949,0.679767546256783,-0.318513086372831,-0.051465329565954,-17.7482,300.937,21.3792,69.887,0.0287573,0.351238,-0.935845,26.4608,313.143,-35.4323,-0.299239,0.674587,-0.674825,-76.1655,322.648,-25.5074,,,,,,,,,,,,,,,,,,
3/4/2014 16:23:17,5,Yes,5,6,3,4,5,37.3805,140.537,52.9196,0.382167926212094,-0.54300273619081,-0.013142341214332,19.1918,192.901,47.8317,75.6793,-0.195366,0.156986,-0.968084,25.5772,164.29,-30.4668,-0.438755,0.0175397,-0.898435,-48.7655,170.669,-8.20291,,,,,,,,,,,,,,,,,,
3/4/2014 16:23:58,5,Yes,5,6,6,5,6,20.9916,142.484,42.4914,0.345754137907105,-0.589981395009287,2.97931178910808,4.53438,128.015,26.3965,64.4913,-0.228818,0.183131,-0.956089,14.6175,160.02,-35.538,-0.483658,0.016579,-0.8751,-64.5236,159.289,-3.73623,,,,,,,,,,,,,,,,,,
3/5/2014 13:26:48,5,Yes,6,6,6,6,6,28.0024,178.371,32.1355,0.81267479378176,0.023889290641488,3.08074541294013,21.5631,250.691,55.8802,98.356,0.701986,0.30939,-0.641478,12.6979,218.989,-34.5501,0.191609,0.54201,-0.818237,66.6967,255.593,-33.787,,,,,,,,,,,,,,,,,,
3/5/2014 13:26:49,5,Yes,6,6,6,5,7,30.0112,187.187,46.7326,0.787706757246401,0.098109638366446,3.14146760369449,28.8725,227.083,35.8632,64.0465,0.179475,0.485361,-0.855695,66.0249,249.418,-17.6747,0.467988,0.211094,-0.858153,15.4811,212.536,-11.9734,,,,,,,,,,,,,,,,,,
3/11/2014 11:29:31,5,Yes,7,10,10,5,6,-3.46107,98.2687,51.2614,0.80929380765511,-0.039102909646839,0.260431301943824,-12.5161,151.346,72.8555,76.164,-0.12457,0.00178367,-0.992209,-49.0522,155.467,-2.78146,0.0801758,0.587562,-0.805197,33.2353,153.204,2.96064,,,,,,,,,,,,,,,,,,
3/12/2014 12:57:53,5,Yes,8,6,6,4,5,0.340261,91.5436,38.5211,0.556413431075007,0.041120547313184,0.182013159106932,10.0414,116.767,44.9129,64.6346,0.0746675,0.193821,-0.978191,36.7317,144.993,-21.6696,-0.427246,-0.855844,-0.291532,-8.09396,87.688,-16.2611,,,,,,,,,,,,,,,,,,
3/12/2014 12:58:59,5,Yes,8,6,6,5,5,-8.84473,142.135,63.5382,0.631230273321328,0.109137190892009,0.173498990593282,-13.1099,194.355,65.3018,72.8156,0.125234,0.303005,-0.944725,-39.4526,227.535,-6.6694,0.124528,0.146124,-0.981397,28.3036,188.223,-5.62613,,,,,,,,,,,,,,,,,,
3/17/2014 11:41:00,5,Yes,9,6,6,5,5,12.9714,149.573,15.4492,0.672676159521663,0.003343740814474,3.12245874998257,6.45369,185.919,-8.11707,66.0343,-0.277811,0.607397,-0.744238,-45.2893,220.167,-70.8015,0.318769,0.206799,-0.924997,59.2227,192.408,-61.769,,,,,,,,,,,,,,,,,,
3/17/2014 11:42:01,5,Yes,9,10,10,4,5,-2.27765,158.054,22.9615,0.321394773123852,0.012490483277212,-0.119346905179036,-5.45622,187.947,-16.5447,58.366,-0.424572,0.0565801,-0.903625,-65.1041,178.942,-58.9385,0.457009,0.00708787,-0.889434,51.9993,161.929,-40.8865,,,,,,,,,,,,,,,,,,
3/17/2014 11:55:36,5,Yes,10,10,10,4,6,6.38806,220.045,55.7223,0.611204355698479,-0.047966844474441,0.082816439139938,-0.332109,260.412,36.0556,60.352,-0.263621,0.286767,-0.921015,-49.122,260.569,-15.5152,0.229196,0.412485,-0.88166,54.4326,257.469,-4.46078,,,,,,,,,,,,,,,,,,
3/19/2014 11:30:21,5,Yes,11,6,6,5,5,13.8297,183.351,28.0205,0.906823136721414,0.074548522555344,0.071056054120088,28.506,201.079,7.56623,60.213,-0.221968,-0.48388,-0.846516,0.674727,213.122,-50.171,0.211616,0.631695,-0.745775,53.9985,266.047,-25.8185,,,,,,,,,,,,,,,,,,
3/19/2014 12:10:24,5,Yes,12,10,10,4,6,-1.32544,242.447,77.554,0.716066000208844,0.192835872543174,0.052177076435561,-2.58722,288.408,62.2851,62.5276,-0.185527,0.701487,-0.68811,-45.3612,319.892,11.5806,0.462846,0.444704,-0.766819,58.0378,276.735,28.6439,,,,,,,,,,,,,,,,,,
3/25/2014 11:02:48,5,Yes,13,3,3,4,4,21.2158,147.34,99.2314,0.314208410107672,-0.466551994725306,0.093696852274954,8.86006,143.267,71.1131,65.7167,-0.00637899,-0.100681,-0.994898,24.3747,158.054,4.82011,-0.405296,0.0728934,-0.911275,-67.7703,160.416,22.4481,,,,,,,,,,,,,,,,,,
3/25/2014 11:03:18,5,Yes,13,3,3,4,4,4.96895,110.153,86.1798,0.456003824002931,-0.294568510740535,0.021355240107494,4.22887,107.543,72.4965,59.9887,-0.00149623,0.0342516,-0.999412,27.6356,123.551,9.20069,-0.323447,0.0282275,-0.945825,-60.962,128.115,20.2596,,,,,,,,,,,,,,,,,,
3/26/2014 12:19:45,5,Yes,14,10,10,5,6,12.0792,114.349,47.1758,0.582288717671242,-0.201893265949788,0.148054519517315,-0.324352,161.463,38.1147,68.6244,0.0170651,0.343655,-0.938941,42.2469,164.166,-31.6412,-0.283853,0.17633,-0.942515,-52.7818,170.385,-23.2436,,,,,,,,,,,,,,,,,,
3/26/2014 12:20:13,5,Yes,14,10,10,5,7,14.0941,115.904,53.3183,0.830087057599231,-0.127643651138764,-2.91629061359963,3.09599,174.828,78.5215,86.965,0.0863329,0.582052,-0.808555,50.9078,180.645,-4.23616,-0.203239,0.466192,-0.861022,-44.331,187.264,-1.20701,,,,,,,,,,,,,,,,,,
3/29/2014 14:29:18,5,No,15,6,6,3,4,79.9876,162.897,14.0271,0.952487617439304,-1.19131918669524,2.67742115674802,83.9079,205.133,6.71033,88.7088,-0.507684,-0.102954,-0.85537,-7.84657,205.06,-58.9158,-0.99913,0.0146919,-0.0390273,1.22209,192.724,38.5799,,,,,,,,,,,,,,,,,,
5/6/2014 15:00:04,5,Yes,,10,10,4,6,4.57997,154.307,28.7388,0.2856507884318,-0.069078139267218,0.090035231935429,-2.2105,170.364,-5.05441,53.2973,-0.335874,0.0504242,-0.940556,-52.8661,168.717,-53.4408,0.163129,0.0327889,-0.98606,46.6453,166.723,-41.2616,,,,,,,,,,,,,,,,,,
5/6/2014 15:00:07,5,Yes,,10,10,4,6,-7.90246,153.138,21.3546,0.203263375962171,-0.072272771084649,0.085720553868646,-14.8542,179.215,-15.15,55.6036,-0.362053,0.118016,-0.924656,-69.2303,175.563,-60.411,0.181563,-0.0334633,-0.98281,32.6116,155.128,-50.9226,,,,,,,,,,,,,,,,,,
5/6/2014 15:00:21,5,Yes,,6,6,4,6,-2.80287,175.05,35.2798,0.372345676263768,-0.10940353988779,-3.06620802229441,-11.053,194.881,0.774291,53.2363,-0.347514,0.186073,-0.919027,-61.5569,197.648,-45.3148,0.0903155,0.0703526,-0.993425,34.586,189.332,-36.4658,,,,,,,,,,,,,,,,,,
5/6/2014 15:00:17,5,Yes,,10,10,5,6,4.94471,172.415,27.7248,0.315921341322867,-0.080894222522645,0.019023898425792,-1.93913,196.022,-8.57898,54.2225,-0.351747,0.173324,-0.919909,-54.1283,198.33,-53.3347,0.130403,0.016975,-0.991316,44.8294,179.068,-45.4385,,,,,,,,,,,,,,,,,,
3/3/2014 10:52:36,6,Yes,1,6,6,3,4,56.809,174.417,27.602,0.146399554854932,-1.42574443097147,3.11762745546768,40.7173,172.29,21.0389,79.0838,-0.725006,-0.0533824,-0.686671,-65.5772,169.159,-22.3833,-0.824649,0.0217262,0.565228,-15.9181,171.94,75.5827,,,,,,,,,,,,,,,,,,
3/3/2014 11:13:26,6,Yes,2,10,10,7,8,53.0551,148.494,28.9668,0.754067284282477,-0.990397214183231,-0.202065102182578,39.2201,161.179,16.1677,61.923,-0.235187,0.35356,-0.905363,6.31704,204.221,-51.6928,-0.998932,-0.0374076,0.0271383,-37.4148,149.844,35.3761,,,,,,,,,,,,,,,,,,
3/4/2014 12:51:13,6,Yes,4,6,6,6,8,40.0412,211.969,35.6404,2.50605627302383,-1.64930841521,-0.010955646927634,13.0418,259.42,16.2625,93.6318,-0.957294,-0.13378,-0.256301,-99.9831,216.621,-3.78186,-0.77537,0.408646,0.481466,-31.5573,277.244,83.6131,,,,,,,,,,,,,,,,,,
3/4/2014 16:20:56,6,Yes,5,10,10,8,8,57.3054,94.1911,21.4475,0.65255788348542,-1.1933531485337,-0.379192254909845,70.5252,153.087,-2.68751,89.3063,-0.49344,-0.123688,-0.86094,-10.864,113.876,-41.2462,-0.983226,0.0355235,-0.178896,1.01672,122.286,54.2015,,,,,,,,,,,,,,,,,,
3/11/2014 11:23:52,6,Yes,7,10,10,10,10,1.27069,148.205,28.4543,-0.726313182259799,-1.03440472482331,0.335552177264274,9.59843,141.058,22.4101,70.4444,-0.265851,-0.672389,-0.690809,-52.9496,107.164,-39.8952,-0.931032,-0.196302,0.307643,-61.2205,120.12,40.6295,,,,,,,,,,,,,,,,,,
3/11/2014 11:24:53,6,Yes,7,10,10,7,8,7.01575,118.937,48.5856,-0.026435898437338,-0.592273172511507,-0.041023213958763,1.0376,139.944,13.1571,55.6505,0.0646632,-0.293387,-0.953804,-11.8818,118.882,-47.5024,-0.927577,0.105683,-0.358375,-63.6537,110.582,22.4789,,,,,,,,,,,,,,,,,,
3/12/2014 12:53:55,6,Yes,8,10,10,10,10,4.12178,138.763,34.106,0.122236417728364,-0.801397979038088,0.211008886011739,7.66672,70.958,-21.1388,99.1703,-0.184979,0.219626,-0.957887,-34.9709,164.498,-48.139,-0.999933,-0.0106999,-0.00434451,-73.9161,110.778,37.5983,,,,,,,,,,,,,,,,,,
3/17/2014 11:38:27,6,Yes,9,10,10,6,7,27.9349,143.107,34.5178,0.467266262248283,-0.915356366273784,-0.501729799982796,10.0569,161.248,-4.65686,59.1918,-0.496325,-0.278952,-0.822099,-39.3356,139.564,-60.4065,-0.777412,0.569959,-0.266041,-34.5795,194.567,44.2369,,,,,,,,,,,,,,,,,,
3/17/2014 11:40:05,6,Yes,9,10,10,10,10,24.0184,133.634,47.3106,0.571113144420247,-1.05877830287059,-0.344618186648084,32.3435,202.47,12.301,91.1883,-0.390883,0.110209,-0.913819,-40.6431,152.831,-45.4201,-0.973108,0.120625,-0.196241,-45.0655,165.741,74.6918,,,,,,,,,,,,,,,,,,
3/19/2014 12:08:32,6,Yes,12,6,6,7,8,33.1367,219.234,32.1587,0.555616652038893,-1.24369422929442,-0.344709767684418,5.81124,221.981,11.2501,78.6351,-0.838965,0.129132,-0.528642,-89.5572,223.994,-41.4549,-0.972164,0.147679,-0.1819,-40.744,269.068,41.8667,,,,,,,,,,,,,,,,,,
3/25/2014 10:59:25,6,Yes,13,6,6,3,3,55.6525,101.922,23.1614,1.64964130620025,-1.6025951976985,-0.393602886997434,54.1789,100.897,36.1928,68.791,-0.648738,0.0328363,-0.760303,-28.8295,134.512,1.34533,-0.869006,-0.309673,0.385916,5.63909,82.6233,65.4344,,,,,,,,,,,,,,,,,,
3/25/2014 11:00:26,6,Yes,13,6,10,5,6,32.2534,129.304,22.7773,0.7516761525942,-1.18564317407468,-0.227772096987123,13.2749,113.767,22.0228,77.4972,-0.286026,-0.127803,-0.949661,-44.9725,154.413,-51.0279,-0.876492,-0.00780376,0.481354,-64.8534,135.106,55.2384,,,,,,,,,,,,,,,,,,
5/6/2014 15:02:52,6,Yes,,10,10,7,8,61.1964,150.789,1.83641,0.653962386050707,-1.33368912615243,-0.197368250913716,31.6048,150.738,-8.85167,69.2587,-0.688173,-0.0975544,-0.718958,-43.9305,153.097,-60.8357,-0.872841,-0.020141,0.487588,-20.9603,139.869,56.2707,,,,,,,,,,,,,,,,,,
5/6/2014 15:02:57,6,Yes,,10,10,9,9,69.9319,140.563,13.6173,0.389681757516047,-1.31717023804676,-0.082983948828554,48.4801,163.929,5.56536,81.5398,-0.692393,-0.0818061,-0.716868,-45.8567,153.526,-57.807,-0.869693,0.0124514,0.493436,-19.839,133.921,58.3503,,,,,,,,,,,,,,,,,,
5/6/2014 15:03:13,6,Yes,,10,10,7,7,18.4426,127.91,4.44374,0.359092419647095,-0.848539335592069,-0.133806078686385,-0.634936,119.584,-17.352,61.1765,-0.202514,-0.137948,-0.969515,-17.6246,140.926,-92.088,-0.997439,-0.0696567,-0.0162379,-73.474,132.751,13.2558,,,,,,,,,,,,,,,,,,
5/6/2014 15:03:18,6,Yes,,10,10,7,7,15.5166,111.761,5.2312,0.432671250511566,-0.993190084279155,-0.190447737339198,1.28542,128.567,-9.98366,65.6185,-0.355828,-0.0815833,-0.930984,-39.6832,130.686,-82.0901,-0.99723,-0.0473691,0.0573401,-69.8801,121.322,30.0989,,,,,,,,,,,,,,,,,,
5/6/2014 15:03:37,6,Yes,,10,10,7,8,17.8477,132.188,6.29922,0.152984602959317,-1.07469423959477,-0.027266772451796,-0.258462,138.29,-6.07025,65.5947,-0.432731,-0.17379,-0.884614,-46.5775,134.081,-78.8582,-0.919617,0.0523674,0.38931,-65.2147,126.843,39.0047,,,,,,,,,,,,,,,,,,
5/6/2014 15:03:33,6,Yes,,10,10,7,7,29.3977,120.58,6.85264,0.183108164286945,-1.06268281273463,-0.021174962052606,11.9115,130.837,-7.88623,63.4769,-0.423053,-0.119433,-0.898199,-32.5957,132.187,-79.2291,-0.954509,-0.0617833,0.29171,-55.8379,112.033,32.6252,,,,,,,,,,,,,,,,,,
5/6/2014 15:04:04,6,Yes,,10,10,7,8,10.6995,118.231,0.98511,-0.079036837162382,-1.10665826356805,0.058295832678978,-10.1876,134.684,-10.6372,69.3166,-0.481704,-0.119502,-0.868148,-57.2782,119.526,-85.786,-0.779852,0.0324352,0.625123,-67.9899,105.554,40.0101,,,,,,,,,,,,,,,,,,
5/6/2014 15:04:09,6,Yes,,10,10,7,8,21.5416,122.083,-0.404227,-0.124413297609934,-1.03537760284104,0.093102234753074,3.13809,117.742,-14.468,60.6121,-0.440685,-0.212372,-0.872178,-35.2359,113.868,-88.0775,-0.75099,0.175646,0.636524,-57.9849,110.106,29.1702,,,,,,,,,,,,,,,,,,
5/6/2014 15:04:25,6,Yes,,10,10,7,8,4.66185,136.539,13.3506,-0.216795327283727,-1.15791113314585,0.10353044944074,-23.3281,140.856,-1.36215,63.9923,-0.570314,-0.107894,-0.81431,-72.3743,134.141,-68.1739,-0.808023,0.0459263,0.587359,-70.0491,120.075,56.0638,,,,,,,,,,,,,,,,,,
5/6/2014 15:04:21,6,Yes,,10,10,7,7,14.0905,137.415,7.81229,-0.00372007182035,-0.872014877094474,0.048002801692978,-0.191018,136.466,-15.7847,59.0927,-0.231203,-0.121019,-0.96535,-24.9279,141.194,-92.6513,-0.999474,-0.0322226,0.00361579,-72.7764,129.093,25.1284,,,,,,,,,,,,,,,,,,
3/3/2014 10:51:34,7,Yes,1,10,10,10,10,7.08274,176.6,20.6437,0.193089209390135,-0.36916917374093,2.92569968734513,-2.35717,197.377,-10.7387,53.4202,-0.411697,0.269592,-0.870532,-49.5182,197.706,-62.9987,,,,,,,,,,,,,,,,,,,,,,,,
3/3/2014 11:10:58,7,Yes,2,10,10,9,10,22.3748,104.793,73.1034,0.225775657484576,-0.057009609215186,0.136176898610188,19.9453,135.405,54.9091,55.3008,-0.0234404,0.483796,-0.874867,5.61914,129.99,-14.1734,,,,,,,,,,,,,,,,,,,,,,,,
3/3/2014 11:14:18,7,Yes,2,10,10,9,10,32.3196,161.046,82.2568,0.42425249060319,-0.383942354543972,0.092401727943358,23.7442,182.52,53.1325,50.7978,-0.34337,0.453185,-0.82263,-21.3725,196.059,0.615192,,,,,,,,,,,,,,,,,,,,,,,,
3/3/2014 11:14:26,7,Yes,2,10,10,9,10,29.6038,155.276,79.5194,0.412898748048899,-0.405975292902315,0.109999621941409,19.8658,180.384,52.8075,51.5679,-0.33845,0.470049,-0.815172,-24.4174,189.8,-2.21609,,,,,,,,,,,,,,,,,,,,,,,,
3/4/2014 12:49:34,7,Yes,4,10,10,9,10,39.2408,162.279,34.6859,0.86795137041344,-1.03999041842835,-0.527594326560126,25.8857,180.436,42.2348,78.7061,-0.984692,0.015254,-0.173632,-79.4838,222.86,10.6232,,,,,,,,,,,,,,,,,,,,,,,,
3/11/2014 11:21:58,7,Yes,7,10,10,9,10,-7.42842,112.506,21.2682,0.575945525327763,-0.59218739927659,0.111453438887007,-24.397,180.98,21.1589,77.4941,-0.570305,0.513719,-0.640972,-79.5125,158.018,-42.3488,,,,,,,,,,,,,,,,,,,,,,,,
3/11/2014 11:22:58,7,Yes,7,10,10,9,10,-7.10748,123.272,18.0688,0.637965726749362,-0.558902177298483,-3.03516384317497,-19.7053,172.022,18.0403,66.3084,-0.544954,0.616678,-0.568095,-70.6513,172.119,-38.8004,,,,,,,,,,,,,,,,,,,,,,,,
3/12/2014 12:49:12,7,Yes,8,10,10,9,9,-29.9814,110.991,56.5858,0.656388336464287,0.314864151927434,0.309202986548099,-21.5911,135.788,65.4546,63.023,0.345219,0.0212631,-0.938281,21.6041,142.401,2.41177,,,,,,,,,,,,,,,,,,,,,,,,
3/17/2014 11:44:20,7,Yes,9,10,10,9,10,-7.67526,87.5694,44.7084,0.071876941313209,-0.424973948982353,-0.12125182615332,-8.30788,153.188,50.4505,89.3288,-0.368836,0.417039,-0.830686,-63.6636,124.053,-25.6368,,,,,,,,,,,,,,,,,,,,,,,,
3/17/2014 11:44:51,7,Yes,9,10,10,9,10,3.11654,108.501,69.3435,0.314181440301741,-0.456358380369352,-0.050843881574437,-6.42962,171.855,71.3869,77.7728,-0.44023,0.430691,-0.787847,-56.8442,145.549,1.7201,,,,,,,,,,,,,,,,,,,,,,,,
3/17/2014 11:58:09,7,Yes,10,10,10,9,10,4.33544,181.633,20.4584,0.683108794552473,-0.396005067505248,0.126625207249906,-5.80337,247.089,32.4994,78.6755,-0.250763,0.750071,-0.611974,-47.9753,237.61,-39.885,,,,,,,,,,,,,,,,,,,,,,,,
3/17/2014 11:58:56,7,Yes,10,10,10,9,10,10.966,185.878,20.4742,0.588979638700657,-0.349882265427447,-0.013087101953716,8.41667,252.925,16.8731,75.7215,-0.256338,0.532794,-0.806487,-36.4499,237.798,-54.7416,,,,,,,,,,,,,,,,,,,,,,,,
3/19/2014 11:19:44,7,Yes,11,10,10,9,10,105.686,134.341,30.761,0.911932535983428,-0.7660530686459,-0.753462055904155,99.4507,135.142,51.87,63.3133,-0.958159,0.195844,-0.20875,36.4403,195.036,14.2614,,,,,,,,,,,,,,,,,,,,,,,,
3/19/2014 11:20:55,7,Yes,11,10,10,9,10,75.9873,112.727,13.4778,1.10245502535807,-1.00632878337453,-0.76003200200374,102.367,144.975,46.4233,79.6046,-0.786415,0.533002,-0.312185,11.8721,169.577,11.1295,,,,,,,,,,,,,,,,,,,,,,,,
3/19/2014 12:06:54,7,Yes,12,10,10,9,10,17.9921,179.614,40.4516,0.521361689299407,-0.644823921638136,-0.113848958115454,11.6528,245.936,54.3944,95.099,-0.99466,0.039203,0.0954686,-74.3608,236.826,-4.4696,,,,,,,,,,,,,,,,,,,,,,,,
3/19/2014 12:07:15,7,Yes,12,10,10,9,10,14.9253,178.904,36.3142,0.513280217655719,-0.523817452121888,-0.089127514441732,10.0896,248.008,46.8483,94.9761,-0.960246,0.0997216,0.260735,-59.2229,239.122,-13.8833,,,,,,,,,,,,,,,,,,,,,,,,
3/25/2014 10:58:50,7,Yes,13,10,10,9,10,33.5386,116.144,31.9322,1.20838596797982,-0.394034743500297,-0.853983429488436,61.7591,151.897,35.0744,74.4822,-0.444334,0.477696,-0.757875,21.0796,202.771,-20.541,,,,,,,,,,,,,,,,,,,,,,,,
3/26/2014 12:14:59,7,Yes,14,10,10,9,10,42.8928,97.7414,16.9799,0.736237494950798,-0.443587825952508,-0.612675191848509,54.5618,138.232,16.5257,71.03,-0.295047,0.843205,0.449392,-12.3452,185.398,-13.5201,,,,,,,,,,,,,,,,,,,,,,,,
3/26/2014 12:15:29,7,Yes,14,10,10,9,10,50.7521,98.7326,30.8779,0.765054766301146,-0.699308416395836,-0.506282918187299,72.7763,158.42,65.7067,97.0826,-0.998124,0.0537591,-0.0292977,-20.4689,171.204,4.55568,,,,,,,,,,,,,,,,,,,,,,,,
3/29/2014 14:09:59,7,No,15,10,10,9,9,49.3219,84.5989,43.3222,0.013419526573404,-0.696487097210777,-0.023912107731376,56.1446,151.235,29.9989,86.8634,-0.795522,-0.0734772,-0.601453,-14.005,94.5377,-2.83336,,,,,,,,,,,,,,,,,,,,,,,,
5/6/2014 15:07:18,7,Yes,,10,10,9,10,-9.81589,113.567,29.7072,0.170039896923556,-0.427281696934411,0.145895084989442,-22.6322,121.774,-2.59873,50.118,-0.447604,0.0153283,-0.8941,-68.9569,120.665,-55.0031,,,,,,,,,,,,,,,,,,,,,,,,
5/6/2014 15:07:30,7,Yes,,10,10,9,10,-14.5321,104.298,26.2679,0.176237743758041,-0.417294577579101,-3.01413715146122,-28.9423,141.237,-2.53889,61.6596,-0.409507,0.122281,-0.904075,-70.5426,116.008,-60.4777,,,,,,,,,,,,,,,,,,,,,,,,
3/3/2014 11:10:47,8,Yes,2,0,0,8,5,8.18205,85.6745,45.633,0.711870201676921,-0.481850306554497,0.104936696344999,9.06497,64.1995,23.7223,67.0874,0.171018,-0.00961198,-0.985221,-9.30239,110.808,-30.8519,-0.03554,-0.0571726,-0.997732,52.1755,100.784,-18.7125,-0.768777,0.206495,-0.605262,-76.1292,71.9527,32.6288,,,,,,,,,,,,
3/3/2014 11:15:23,8,Yes,2,3,6,6,9,20.2261,163.065,78.2388,0.702366860859291,-0.556590070784791,0.032382002699144,12.0983,184.814,58.5499,67.0126,-0.0899369,-0.0732022,-0.993254,56.0272,180.063,-6.88555,-0.0935066,0.602905,-0.792314,-22.166,245.628,0.196498,-0.566884,0.064292,-0.821285,-82.0123,168.024,56.0113,,,,,,,,,,,,
3/4/2014 12:53:03,8,Yes,4,3,3,1,4,25.1461,250.199,61.3931,0.452756114797535,-0.886626249100038,-2.92733282492293,7.12353,285.391,55.0402,81.2921,-0.0642782,-0.2863,-0.955982,16.3488,273.623,-29.4508,-0.270082,0.344954,-0.898923,-59.0619,289.687,-26.4285,-0.672721,-0.257846,0.693514,-76.9644,217.962,75.8843,,,,,,,,,,,,
3/4/2014 12:53:39,8,Yes,4,10,10,6,7,7.44042,288.541,61.0398,0.635802500567813,-0.949152978408014,0.148312713238872,-16.613,301.158,39.4892,69.378,-0.362907,0.504567,-0.783397,-75.1573,339.532,-17.6942,0.135721,0.841758,-0.522517,12.176,294.161,-16.8247,-0.729758,-0.35439,0.584689,-92.9038,266.911,74.8123,,,,,,,,,,,,
3/4/2014 16:22:14,8,Yes,5,6,6,4,4,26.4231,94.7622,36.4499,0.341062706331668,-0.795375120593934,3.01475929488478,34.1449,125.091,34.2061,80.291,-0.0374758,0.0968682,-0.994591,42.8535,111.745,-45.2754,-0.413025,0.136021,-0.900505,-47.8188,118.535,-27.3901,-0.996973,0.0583797,-0.0513557,-43.6691,99.2071,65.3229,,,,,,,,,,,,
3/5/2014 13:24:53,8,Yes,6,6,10,5,7,24.5946,249.226,59.2669,0.998564329070404,-0.695177194496834,-0.499776818315674,-6.1056,234.424,9.79563,84.5123,-0.0348843,0.107387,-0.993605,42.2402,301.14,-22.8661,-0.225564,0.360682,-0.905003,-40.7811,323.769,-22.6929,-0.642857,0.432534,0.632178,-79.686,285.19,58.3449,,,,,,,,,,,,
3/5/2014 13:25:28,8,Yes,6,10,10,7,8,19.8062,255.276,20.733,0.979039865641468,-0.526467543760966,-0.337636948022687,17.2391,289.787,27.3535,73.4114,-0.0721771,0.378831,-0.922647,-6.02908,316.015,-45.7457,-0.0852551,0.18957,-0.978159,69.31,300.298,-38.4837,-0.970007,0.13871,0.199614,-62.2407,269.779,34.848,,,,,,,,,,,,
3/11/2014 11:25:58,8,Yes,7,10,10,6,8,-4.30033,185.049,42.4889,0.262118960715587,-0.441774021115103,0.41137375652974,-6.11659,186.399,22.019,60.7313,-0.265516,0.122609,-0.956278,-47.6284,218.417,-22.7357,0.0414737,0.132282,-0.990344,40.1652,214.819,-19.9826,-0.855016,-0.308713,-0.416706,-57.549,142.62,20.8367,,,,,,,,,,,,
3/11/2014 11:26:52,8,Yes,7,6,6,7,7,2.41423,161.871,46.9387,0.572833240792652,-0.532878804840295,0.283776266028832,-3.65676,170.387,19.1018,57.8382,-0.14294,0.278495,-0.949741,-37.8367,209.5,-24.7962,0.0931204,0.333724,-0.93806,43.1111,204.597,-17.2223,-0.989353,-0.0153431,-0.144723,-68.4333,138.949,29.3593,,,,,,,,,,,,
3/17/2014 11:56:16,8,Yes,10,3,10,5,7,0.572628,245.931,72.3321,0.500556298827185,-0.401232109803616,0.182294908933364,-9.29457,252.012,33.8033,56.6561,-0.242166,0.34836,-0.905539,-42.0568,301.307,2.97081,0.135754,0.142617,-0.980424,49.5922,266.133,8.60387,-0.59139,0.12376,-0.796832,-71.7825,234.432,34.0728,,,,,,,,,,,,
3/17/2014 11:57:05,8,Yes,10,10,10,5,7,4.15977,231.434,51.7731,0.288116048894194,-0.27581373318956,0.305315999927505,-4.66586,234.376,12.8675,56.8594,-0.0259488,0.21482,-0.976309,-26.4182,282.377,-28.3779,0.185748,0.139272,-0.972677,52.4103,253.299,-14.6254,-0.752881,-0.199077,-0.627326,-63.045,203.566,13.0083,,,,,,,,,,,,
3/19/2014 12:09:16,8,Yes,12,6,6,6,9,26.2092,214.076,10.0396,0.526558788211628,-0.393557463118688,0.060192853209464,18.1094,232.772,-21.2335,60.63,-0.10268,0.469905,-0.876725,-9.98657,275.1,-67.8767,0.384618,0.0343612,-0.922436,86.28,239.925,-54.5362,-0.997971,-0.0364767,-0.0521843,-58.8262,212.765,-9.6349,,,,,,,,,,,,
3/19/2014 12:09:42,8,Yes,12,3,3,2,3,11.1432,209.783,52.7872,0.597786926993398,-0.233629994715835,-3.04080450773552,0.550849,240.093,15.2021,60.2934,0.0812847,0.30727,-0.948144,-12.872,287.406,-34.41,0.155948,-0.0382498,-0.987024,54.5664,240.327,-25.534,-0.655986,0.288919,-0.697286,-61.0531,231.735,-6.00081,,,,,,,,,,,,
3/25/2014 11:01:01,8,Yes,13,3,3,1,2,58.5676,157.937,64.4922,0.500339958624696,-1.03917885430578,-3.10266454711106,37.2158,171.858,64.0309,79.9305,-0.267539,-0.393751,-0.879422,21.8224,170.773,-23.4204,-0.562405,0.261548,-0.784406,-56.4442,200.533,18.3005,-0.979981,-0.054119,0.191592,-37.8023,129.233,48.417,,,,,,,,,,,,
3/25/2014 11:01:27,8,Yes,13,3,6,3,7,61.4336,143.306,83.6177,0.982851750805234,-1.38243712146336,0.179645869622606,54.5518,180.655,103.928,101.934,-0.388181,-0.399094,-0.830686,18.2809,144.86,-2.39764,-0.475447,0.392322,-0.787422,-48.2615,201.4,42.2097,-0.845901,-0.356396,0.396779,-39.4807,112.067,74.9472,,,,,,,,,,,,
3/26/2014 12:17:39,8,Yes,14,6,10,5,7,16.906,133.965,37.4915,0.591139067531002,-0.615874734592438,-0.018263667605926,5.51048,170.939,27.5107,65.9759,-0.17418,0.115044,-0.97797,32.2531,165.492,-49.1936,-0.215433,0.459976,-0.861401,-42.594,202.221,-22.1396,-0.852111,-0.0637335,-0.519466,-57.4413,138.227,7.674,,,,,,,,,,,,
3/29/2014 14:19:38,8,No,15,6,3,4,4,35.4954,121.06,36.9647,1.17435626817092,-1.25325791246594,-0.493515743585128,16.1105,124.078,23.4043,66.3926,-0.620884,-0.0252422,-0.783496,-28.2179,157.191,-40.0749,-0.541088,0.56148,-0.62607,-26.8217,197.783,0.531184,-0.998989,0.0218432,0.0392809,-42.878,125.084,69.3836,,,,,,,,,,,,
5/6/2014 15:09:40,8,Yes,,10,10,6,7,2.02279,128.919,15.0358,0.207638271145437,-0.469785627927462,0.115181596109003,-5.80862,82.0388,-15.5083,76.8818,-0.283704,-0.0734703,-0.956093,-39.0551,133.911,-77.9114,0.121703,-0.336616,-0.933744,54.2479,122.359,-62.7555,-0.994459,0.0598748,-0.0864041,-88.8291,115.449,18.4971,,,,,,,,,,,,
5/6/2014 15:09:47,8,Yes,,10,10,6,7,-10.5904,145.091,25.4553,0.266054530076585,-0.403896166664999,0.110716900935699,-20.8421,93.3734,-7.93687,81.2845,-0.185573,-0.0399581,-0.981818,-42.1756,156.806,-71.0687,0.180853,-0.325041,-0.928246,45.2398,137.24,-47.4133,-0.998783,0.0442213,-0.0218369,-108.3,132.363,21.9106,,,,,,,,,,,,
5/6/2014 15:10:01,8,Yes,,10,10,7,8,-2.21249,131.796,23.0995,0.198893522710959,-0.378683639088692,0.159621620076589,-11.1471,87.8424,-5.21049,74.3768,-0.134952,-0.0935506,-0.986426,-29.444,140.314,-74.2922,0.221474,-0.45327,-0.863421,56.2336,113.957,-37.9122,-0.993639,0.00461854,-0.112519,-91.2446,115.464,18.6316,,,,,,,,,,,,
5/6/2014 15:09:58,8,Yes,,10,10,7,8,-3.54146,128.955,21.7004,0.212971879090217,-0.387323398794909,0.140149430960425,-14.0349,84.876,-8.50042,74.7925,-0.155522,-0.0612467,-0.985932,-32.4868,139.453,-75.6976,0.217739,-0.441016,-0.870687,54.3221,110.548,-40.7779,-0.996155,0.0578227,-0.0658227,-96.2019,113.44,18.3684,,,,,,,,,,,,
3/3/2014 10:54:42,9,Yes,1,3,3,4,5,22.5697,157.276,42.9958,0.337680663545027,-0.357859789168085,-0.116601095732712,19.3014,163.546,18.0281,59.733,0.522396,-0.128057,-0.843032,57.468,171.523,-49.4244,-0.723257,0.51806,-0.456632,-76.2627,188.694,4.74769,,,,,,,,,,,,,,,,,,
3/3/2014 11:14:32,9,Yes,2,10,10,10,10,12.2585,186.097,66.9315,0.591523252607761,-0.039586417201692,0.531382958498885,-17.6754,255.688,64.8638,94.7556,-0.540287,0.604763,-0.585108,-71.401,204.553,0.949273,0.841277,-0.138899,-0.522456,88.6697,243.806,40.6416,,,,,,,,,,,,,,,,,,
3/4/2014 16:17:03,9,Yes,5,3,3,7,7,14.3547,117.503,43.9706,0.106731155017009,-0.384992087937914,-3.09327415953222,4.42121,147.422,28.3093,69.5701,0.229954,0.0489499,-0.97197,45.9408,139.692,-40.0536,-0.672096,0.343142,-0.656156,-73.8258,122.81,17.061,,,,,,,,,,,,,,,,,,
3/4/2014 16:17:44,9,Yes,5,3,3,7,7,4.24056,88.3705,23.8288,0.030079782266159,-0.397439834739573,0.0865038956511,8.48274,110.983,18.2838,68.3437,0.103117,-0.0662431,-0.992461,40.2335,105.383,-52.3501,-0.790767,0.0447316,-0.61048,-73.6006,90.3315,14.0823,,,,,,,,,,,,,,,,,,
3/5/2014 13:19:38,9,Yes,6,3,3,7,6,16.1196,174.325,9.08749,0.910164911064558,0.109809736217464,0.206927273832293,25.9676,198.242,6.1891,68.1724,-0.763084,0.251733,-0.595259,-42.3151,230.857,-48.0048,0.687706,0.211909,-0.694373,85.7613,243.181,-31.9672,,,,,,,,,,,,,,,,,,
3/11/2014 11:20:38,9,Yes,7,10,10,7,6,-14.5422,118.617,46.3823,0.64234261489763,0.06750599697837,0.381853882839925,-16.5072,124.576,49.1553,65.1772,-0.278816,0.804403,-0.524593,-73.8499,152.232,-5.24654,0.92493,0.241567,-0.293513,46.9092,166.609,23.2812,,,,,,,,,,,,,,,,,,
3/12/2014 12:46:05,9,Yes,8,3,3,6,7,16.5806,115.041,48.0934,0.696174204335892,0.155202911579068,-0.802956763473666,34.0042,143.866,67.0953,76.2677,-0.0934777,0.46243,-0.881714,43.5137,167.323,-18.4451,-0.691116,-0.554137,-0.463995,-3.84117,120.636,-15.3158,,,,,,,,,,,,,,,,,,
3/12/2014 12:47:14,9,Yes,8,6,3,7,7,5.74395,118.606,42.0114,0.879700268262706,-0.349443973440314,-0.056525981204241,2.47604,124.754,17.5408,59.6366,-0.0829287,0.138526,-0.986881,38.8251,172.611,-17.2198,-0.682155,0.0765633,-0.727188,-63.5272,153.118,-3.06873,,,,,,,,,,,,,,,,,,
3/17/2014 11:39:24,9,Yes,9,6,6,7,7,19.0679,144.238,30.1733,0.81899822218358,-0.172734406763229,-0.378691844882448,31.9897,207.921,43.3484,85.3735,0.446143,0.450418,-0.773356,81.712,188.24,-36.0793,-0.999659,-0.0188127,0.0181239,-54.9764,212.947,14.2586,,,,,,,,,,,,,,,,,,
3/17/2014 11:40:23,9,Yes,9,10,10,7,7,11.2679,167.882,59.2745,0.68592754241566,-0.282775293905414,-0.178344509213368,12.9491,214.81,45.8404,68.4114,0.334607,0.178977,-0.925205,62.818,201.699,-22.9338,-0.994089,-0.105614,0.0251407,-75.6874,215.983,43.7007,,,,,,,,,,,,,,,,,,
3/17/2014 11:53:58,9,Yes,10,6,10,10,10,24.7803,221.313,-24.4615,-0.850230882558255,-0.842554216564444,-0.180713806008248,29.0317,262.323,-25.2394,90.244,-0.969236,-0.115558,0.21732,-79.0842,213.613,-40.8523,-0.713658,-0.508799,-0.481472,96.1491,198.359,16.776,,,,,,,,,,,,,,,,,,
3/19/2014 11:18:47,9,Yes,11,3,3,5,5,29.1497,93.9251,4.86193,0.777262085568246,-0.867948149715186,-0.625599446630342,49.6712,141.737,26.1349,85.4498,-0.352156,0.454328,-0.818274,11.872,112.6,-42.5998,-0.934623,0.198011,0.295419,-54.4986,155.015,0.349041,,,,,,,,,,,,,,,,,,
3/25/2014 10:56:07,9,Yes,13,3,3,7,7,47.4511,162.516,64.5003,0.624089934670794,-0.98567167597907,0.183759006028436,32.0474,217.176,75.5131,102.695,-0.362453,-0.238918,-0.900858,8.8856,185.448,-24.4222,-0.998147,0.0292538,-0.0533555,-74.2265,168.743,38.5236,,,,,,,,,,,,,,,,,,
3/29/2014 14:06:40,9,No,15,6,6,8,8,58.5879,97.4161,-17.1651,0.473277623889871,-0.685281360761096,-0.501441560342852,56.0109,108.704,-20.6558,67.5765,0.0519801,-0.972842,-0.225556,45.939,107.345,-87.1853,-0.474205,-0.242856,-0.846257,-20.7644,137.011,-20.3425,,,,,,,,,,,,,,,,,,
5/6/2014 15:11:53,9,Yes,,10,10,7,7,-21.5939,150.23,27.6159,-0.09012545563074,0.264815080309834,0.315965376998246,-20.5598,206.617,-2.38059,83.8587,-0.341047,0.242532,-0.908221,-83.1331,163.687,-50.8812,0.747353,-0.164755,-0.643676,69.2573,170.543,-28.0798,,,,,,,,,,,,,,,,,,
5/6/2014 15:11:58,9,Yes,,10,10,7,8,0.243117,93.6071,4.47203,-0.012365834286778,0.08658333780376,0.370885950751431,-6.86841,134.76,-6.6531,80.2883,0.971068,0.0625758,-0.23046,82.5032,120.556,-54.9868,-0.54603,0.252162,-0.798915,-74.9598,96.4359,-50.0256,,,,,,,,,,,,,,,,,,
5/6/2014 15:12:17,9,Yes,,10,10,10,10,1.57026,113.887,19.7878,0.20925818440068,-0.013562314875285,0.329135276919978,-16.4707,182.445,15.8605,101.284,0.633817,-0.275282,-0.722839,83.5493,147.746,-40.9037,-0.686678,0.179882,-0.704355,-88.1798,114.921,-34.2735,,,,,,,,,,,,,,,,,,
5/6/2014 15:12:24,9,Yes,,6,10,10,10,5.6145,127.482,12.0487,0.176830377839193,0.070973071703815,-2.80044650674728,-1.99721,167.319,-4.92917,74.4378,-0.596991,0.376879,-0.708212,-74.4499,132.469,-33.7096,0.970066,-0.0229766,-0.241752,89.7884,159.261,-33.6997,,,,,,,,,,,,,,,,,,
5/6/2014 15:12:33,9,Yes,,10,10,8,9,-4.49954,113.813,15.1311,0.143236933242994,0.082242338606892,0.392045076788856,-14.1178,160.725,-1.1413,78.0583,-0.577244,0.335203,-0.744599,-83.1116,117.712,-34.673,0.998964,-0.0186634,-0.0414991,81.6952,143.153,-31.4962,,,,,,,,,,,,,,,,,,
5/6/2014 15:12:43,9,Yes,,6,10,10,10,-14.1254,122.816,22.1124,0.096368876036955,0.13797752733101,-2.74820552334834,-20.2012,170.075,4.66095,81.6333,0.762216,-0.113517,-0.637292,69.5898,156.003,-43.9733,-0.463728,0.589206,-0.661659,-89.121,143.058,-41.9863,,,,,,,,,,,,,,,,,,
5/6/2014 15:12:53,9,Yes,,10,10,8,8,-4.70985,116.078,5.03573,0.113218695794581,0.041906639228376,0.397473361629818,-14.6173,160.931,-9.37609,82.0091,0.96819,-0.0113678,-0.249959,73.9748,149.512,-55.2499,-0.552796,0.327658,-0.766197,-81.2378,118.564,-48.6922,,,,,,,,,,,,,,,,,,
5/6/2014 15:13:00,9,Yes,,10,10,9,10,-7.89514,115.038,11.2573,0.08807328837174,0.053648373438508,-2.73140823411187,-17.1425,161.512,-3.65481,83.8426,0.732787,-0.0228235,-0.680075,70.9622,154.075,-55.9867,-0.573994,0.337967,-0.745862,-85.1876,121.063,-45.2826,,,,,,,,,,,,,,,,,,
5/6/2014 15:13:15,9,Yes,,10,10,9,9,-1.20633,101.301,1.19695,0.091185784169753,0.033966450629372,0.433518097860443,-13.9413,142.84,5.09403,82.9227,0.95272,0.167902,-0.253247,74.5239,141.125,-49.8332,-0.57042,0.283687,-0.770807,-77.9827,98.8542,-42.1711,,,,,,,,,,,,,,,,,,
3/3/2014 10:50:40,10,Yes,1,10,10,10,10,-5.39183,196.094,10.0293,0.068997271899119,-0.130801688596702,-0.048148304876227,-7.25112,205.512,-22.2889,52.4289,-0.147478,-0.00842921,-0.989029,-17.7989,186.467,-80.6666,-0.0178564,0.146389,-0.989066,9.67737,213.499,-77.8702,-0.182571,0.039757,-0.982389,-39.826,213.12,-63.6628,,,,,,,,,,,,
3/3/2014 11:11:51,10,Yes,2,3,10,5,6,2.95215,142.784,69.6105,0.644831340497585,-0.315349461263938,-3.13575692552277,-1.77536,174.852,45.5285,52.8721,-0.259431,0.309875,-0.914698,-18.0418,182.217,-20.4168,-0.0462525,0.481115,-0.875437,16.2838,206.588,-3.36412,-0.480848,0.706352,-0.519473,-54.0493,189.219,19.5379,,,,,,,,,,,,
3/4/2014 16:23:06,10,Yes,5,10,10,9,10,38.6635,111.732,49.0433,0.439484114113484,-0.765968995556833,-0.120142718658271,26.4092,92.7665,19.425,63.7292,-0.549496,0.289349,-0.783793,3.43032,142.867,-26.2258,-0.626814,0.0372267,-0.778279,-25.9391,128.118,-17.2764,-0.505349,0.304878,-0.807262,-31.9824,136.018,10.6575,,,,,,,,,,,,
3/5/2014 13:26:22,10,Yes,6,6,10,8,9,17.6478,164.894,21.9588,0.93655796337261,-0.123637666828479,-0.47393239666975,44.6224,276.493,96.9344,138.703,-0.0881211,0.844093,-0.528906,10.5551,241.988,-36.0526,-0.16386,0.891179,-0.423025,-17.4339,247.714,-24.492,0.105611,0.858617,-0.501621,36.1082,222.314,-22.512,,,,,,,,,,,,
3/5/2014 13:27:17,10,Yes,6,10,10,10,10,20.3607,149.978,45.463,0.965413446392122,-0.24737615641882,-0.372498866417864,20.7844,205.911,52.8627,62.8833,-0.168706,0.786159,-0.594552,3.84619,232.034,-18.3863,0.267147,0.834429,-0.482037,36.3435,214.652,1.50341,-0.214234,0.852106,-0.477514,-22.4007,232.216,6.55339,,,,,,,,,,,,
3/17/2014 11:44:11,10,Yes,9,10,10,8,9,-0.455776,116.83,27.1784,0.274948238582392,-0.06357627033402,0.076991240189896,-1.14876,157.55,-7.21943,56.8376,-0.0963276,0.179823,-0.978971,-9.90526,136.588,-76.3205,0.301636,0.415996,-0.857883,41.942,158.528,-58.7754,-0.345399,0.5419,-0.766188,-48.414,163.455,-39.847,,,,,,,,,,,,
3/17/2014 11:44:45,10,Yes,9,10,10,6,8,1.507,110.233,43.488,0.325874190201508,-0.002891159896055,0.057053686994656,3.71515,139.701,7.01325,53.7608,0.0148269,0.0750653,-0.997068,0.0956505,123.189,-59.2164,0.399174,0.254102,-0.880961,50.8669,143.223,-39.3726,-0.265326,0.399191,-0.877638,-43.2891,150.846,-28.0431,,,,,,,,,,,,
3/17/2014 11:57:56,10,Yes,10,3,10,8,9,-14.7435,205.891,18.968,0.803005804702948,-0.051094790197786,2.96785824211283,-13.1793,248.112,2.16702,55.1493,-0.0219429,0.464581,-0.885259,-20.2827,252.785,-66.8408,0.220437,0.75993,-0.611485,24.0203,276.517,-34.3866,-0.220865,0.744163,-0.630428,-56.4669,264.991,-32.8513,,,,,,,,,,,,
3/17/2014 11:58:45,10,Yes,10,10,10,8,9,4.3883,196.853,11.1665,0.728329516515597,-0.166166356618166,-0.15177380580263,4.93992,233.855,-23.1786,49.1203,-0.076601,0.207804,-0.975167,-7.54726,228.332,-87.9948,0.24421,0.722357,-0.646964,42.7158,271.213,-49.3287,-0.31972,0.785413,-0.530005,-38.5073,242.807,-22.2836,,,,,,,,,,,,
3/19/2014 11:29:36,10,Yes,11,10,10,10,10,10.0205,180.274,30.2811,0.475760089537407,-0.353698866159295,-0.02931626898725,5.29299,244.971,31.1484,76.1954,-0.133747,0.835139,-0.53353,7.87708,244.567,-46.6587,-0.496109,0.744613,-0.446572,-31.1971,250.188,-41.0149,-0.612077,0.456962,-0.645405,-40.223,234.28,-6.65227,,,,,,,,,,,,
3/19/2014 11:31:02,10,Yes,11,6,6,9,9,14.2909,193.189,14.7793,0.844281902971399,-0.671783843775668,-0.558301162852799,26.4509,263.588,40.5783,96.5895,-0.359421,0.63282,-0.685825,6.82301,253.334,-60.4858,-0.662488,0.650032,-0.372249,-32.2785,253.071,-38.446,-0.984924,-0.0461183,0.166728,-50.7334,275.107,1.23084,,,,,,,,,,,,
3/19/2014 12:10:12,10,Yes,12,10,10,9,10,18.4884,213.725,81.1288,0.514972342098343,-0.06258015746501,-0.040270116803596,18.1633,243.563,47.0152,50.8889,-0.118949,0.315161,-0.941554,9.72849,246.832,-17.5709,0.107964,0.534593,-0.838185,49.0819,263.804,0.456847,-0.16002,0.659066,-0.734864,-14.8844,269.931,14.3038,,,,,,,,,,,,
3/19/2014 12:10:43,10,Yes,12,10,10,10,10,14.6152,209.089,79.649,1.02417472840653,-0.520055250864788,-0.314150706553986,5.76636,257.378,69.3794,52.1182,-0.396339,0.680952,-0.615808,-18.2724,286.9,11.1639,0.0123759,0.909291,-0.415977,27.7153,286.944,37.9699,-0.505136,0.818628,-0.273287,-44.2702,278.561,55.1594,,,,,,,,,,,,
3/25/2014 11:02:33,10,Yes,13,10,10,10,10,6.95937,134.551,67.4037,0.563277444281816,-0.29958603001653,-0.069028117724078,0.776029,159.842,36.8558,52.977,-0.328866,0.301297,-0.895024,-19.629,164.769,-27.012,0.0380865,0.704584,-0.708598,12.4846,190.008,-12.4121,-0.371673,0.6634,-0.64943,-42.8176,182.661,-1.68838,,,,,,,,,,,,
3/25/2014 11:03:07,10,Yes,13,10,10,10,10,-1.49635,131.802,85.3909,0.585661946983139,-0.368351462042157,-0.009551818847595,-9.36105,155.635,57.4413,53.6728,-0.356441,0.359069,-0.862566,-31.5674,163.679,-3.9539,-0.215969,0.656749,-0.722522,-2.15534,185.48,9.15111,-0.444327,0.638048,-0.628863,-56.7139,174.441,20.2291,,,,,,,,,,,,
3/26/2014 12:19:27,10,Yes,14,10,10,8,9,1.05918,85.3784,34.0961,0.341079654836463,-0.123535456906439,0.246394287567283,-5.47882,141.526,25.6262,67.6034,-0.174716,0.592682,-0.786259,-11.0496,134.965,-55.0526,-0.0205391,0.67077,-0.741381,22.687,142.366,-41.922,-0.347739,0.823832,-0.447637,-43.0385,128.242,-10.9041,,,,,,,,,,,,
3/26/2014 12:20:04,10,Yes,14,10,10,9,9,14.8272,102.343,35.4634,0.466444635352824,-0.150152409726626,0.124842309644882,9.69289,166.491,38.3315,72.569,-0.157543,0.782495,-0.602397,1.04173,171.087,-47.8226,0.372879,0.779572,-0.503218,35.8923,159.733,-26.7502,-0.170611,0.89196,-0.418687,-15.5373,147.242,-11.9701,,,,,,,,,,,,
3/29/2014 14:28:00,10,No,15,6,6,7,9,11.5014,108.684,57.4324,0.231879807504443,-0.383532695593877,0.522159659290702,33.0599,82.7239,27.3598,69.4512,-0.304124,-0.355623,-0.883765,-13.3141,108.503,-31.5409,-0.233226,0.0278472,-0.972024,16.4508,138.683,-16.0365,-0.169307,-0.710095,-0.683447,-32.1234,84.4506,-13.4996,,,,,,,,,,,,
5/6/2014 14:09:47,10,Yes,,10,10,9,10,-21.6896,114.361,25.7644,0.361210373724335,-0.051105236212623,0.182821980447422,-21.8865,134.087,-9.06197,50.3047,-0.135274,0.0730652,-0.988111,-26.6659,129.324,-73.6563,-0.303632,0.247242,-0.920152,-61.7232,136.32,-54.8823,0.191581,0.362001,-0.912278,17.3461,161.926,-47.6982,,,,,,,,,,,,
5/6/2014 14:09:55,10,Yes,,10,10,8,10,-22.2081,118.906,25.3402,0.279105708654807,0.00692258943803,0.152613937307167,-23.42,148.067,-9.11544,52.9898,-0.122065,0.0953789,-0.987929,-21.6341,127.555,-74.8315,-0.337005,0.434969,-0.835003,-61.8268,147.228,-53.3608,0.190935,0.360812,-0.912885,21.7062,160.045,-48.4627,,,,,,,,,,,,
5/6/2014 14:10:29,10,Yes,,10,10,10,10,-17.3354,108.842,25.8734,0.221430184654893,-0.013878523934189,0.392417031905906,-12.9601,120.987,-9.48008,50.7668,-0.0695067,-0.131456,-0.988882,-14.3313,106.411,-71.274,-0.26798,0.0694901,-0.960915,-49.7903,109.294,-57.1638,0.141951,0.258788,-0.955447,17.7174,155.868,-47.1724,,,,,,,,,,,,
5/6/2014 14:10:34,10,Yes,,10,10,8,10,-16.9998,118.349,31.0218,0.293630437774384,-0.006883891013541,0.242187092199732,-14.6366,132.618,-4.79431,50.7066,-0.0256137,-0.10925,-0.993684,-12.2114,118.069,-67.3166,-0.318353,0.205094,-0.92552,-56.3273,132.256,-48.7023,0.204197,0.274558,-0.939639,24.5485,162.207,-42.2779,,,,,,,,,,,,